ticker;Event_Date;CAR_10_10_post;CAR_6_6_post;CAR_2_6_post;CAR_2_post;id_2;reported_date;report_trading_day;gics_sector;overall_sector;employee;breach_type;breach_type2;d_since_breach;total_affected;year;weekday;year_since_ipo;market_cap_m;roa;roe;debt_to_equity;cash_ratio;total_assets_m;breach_size_group;market_cap_group;year_group
AAPL;2022-10-28;-0,07346254695474803;-0,081638799888618482;-8,09638215631720e-02;-0,015660390999381910;AAPL2022;28/02/2022;28/02/2022;Information Technology;Sensitive;164,000;INSD;OTHER;91;12;2022;2;8,873972603;2628273,611000;0,282924409;1,969588728;2,417469214;0,067032360;352755,00;Small;Large Cap;modern
ABG;2020-03-02;-0,30675259963506207;-0,020182524000377483;-6,20309262211891e-02;-0,017457347901869348;ABG2019;26/07/2019;26/07/2019;Consumer Discretionary;Cyclical;8,500;UNKN;OTHER;73;197;2019;6;15,120547950;1730,572800;0,063339402;0,285316417;1,561194492;0,001202212;2911,30;Small;Small Cap;early
ABT;2017-02-17;0,03850244639446156;0,047417692405798711;1,17571686549451e-02;0,002838228933301521;ABT2016;19/07/2016;19/07/2016;Health Care;Defensive;75,000;UNKN;OTHER;27;1;2016;3;38,901369860;61993,056210;0,026582615;0,068166326;1,007108774;0,353548779;52666,00;Small;Large Cap;early
ABT;2020-02-21;0,04252508501285481;0,006640658938540445;1,74888998277947e-02;-0,008799879807403585;ABT2019;06/02/2019;06/02/2019;Health Care;Defensive;107,000;PORT;OTHER;18;16600;2019;4;33,438356160;128856,594300;0,054310840;0,118598816;0,607887288;0,056859192;67887,00;Large;Large Cap;early
ACI;2024-04-22;0,00876233339916442;0,015258016445722659;1,73492538765025e-02;-0,011658828435241169;ACI2023;21/04/2023;21/04/2023;Consumer Staples;Defensive;285,000;HACK;HACK;120;32878;2023;6;31,860273970;12062,445120;0,049425844;0,471701547;5,182675159;0,007196494;26221,10;Large;Large Cap;recent
AIR;2020-07-21;-0,22336766270917180;-0,106856158961018050;-6,96258161370663e-02;0,032382032543060879;AIR2019;06/08/2019;06/08/2019;Industrials;Cyclical;5,400;HACK;HACK;149;4431;2019;3;33,882191780;1384,927620;0,002116402;0,004874806;0,758475515;0,194660895;2079,00;Large;Small Cap;early
AIRT;2023-06-27;-0,10004547943091475;-0,040847527448056607;-4,67451253516198e-02;-0,027748986051483442;AIRT2023;30/01/2023;30/01/2023;Industrials;Cyclical;0,584;HACK;HACK;288;1604;2023;2;25,180821920;68,251960;-0,064860046;-1,032846102;11,552419350;0,030628501;189,56;Small;Small Cap;recent
AJG;2020-02-07;0,11206058616792323;0,061287934339747274;6,51922689646408e-03;0,002192093158553747;AJG2019;26/11/2019;26/11/2019;Financials;Cyclical;33,247;DISC;DISC;256;4637;2019;3;27,161643840;17282,768140;0,034061972;0,129725536;0,943342062;0,030802453;19634,80;Large;Large Cap;early
AJG;2022-02-18;0,02685149953198128;0,004237565722888051;6,61793165029079e-03;0,000120091064306561;AJG2021;30/07/2021;30/07/2021;Financials;Cyclical;39,174;HACK;HACK;422;813120;2021;6;8,731506849;29081,417540;0,027194482;0,106577030;0,757745287;0,012073774;33345,00;Large;Large Cap;modern
AJG;2023-02-10;-0,07816986517233460;-0,044341025859620201;-2,90197055755494e-02;-0,037603920186088130;AJG2022;13/12/2022;13/12/2022;Financials;Cyclical;43,640;HACK;HACK;213;14;2022;3;11,887671230;41056,218360;0,028636931;0,121855724;0,684150663;0,008797722;38907,80;Small;Large Cap;modern
AMED;2016-03-10;0,12025859684101474;0,119896344576900765;3,02006215767813e-02;-0,002384280378975278;AMED2015;01/03/2015;02/03/2015;Health Care;Defensive;16,100;PORT;OTHER;6;6909;2015;2;-6,243835616;1013,923190;-0,004409672;-0,007376065;0,244159700;0,040143924;685,09;Large;Small Cap;early
AMGN;2022-02-16;0,06186859735555324;0,044752692602869203;2,72985880116952e-02;0,000890166365821760;AMGN2021;22/06/2021;22/06/2021;Health Care;Defensive;24,200;HACK;HACK;62;1357;2021;3;28,005479450;134125,992000;0,096345949;0,879552239;5,071492537;0,130613913;61165,00;Small;Large Cap;modern
AMPH;2021-03-15;0,05560729131651329;0,046089405166403849;-2,39291822681922e-04;-0,025251305425063465;AMPH2020;28/08/2020;28/08/2020;Health Care;Defensive;1,980;HACK;HACK;118;2193;2020;6;34,813698630;964,623450;0,002222624;0,003487395;0,167211028;0,146762859;631,24;Large;Small Cap;modern
AN;2015-02-11;-0,02742225420374377;-0,010499527070859231;-2,96962689612379e-02;-0,003620624652556206;AN2014;26/05/2014;27/05/2014;Consumer Discretionary;Cyclical;24,000;UNKN;OTHER;82;1499;2014;3;30,145205480;6388,586940;0,049847018;0,202065537;1,027170503;0,008976511;8399,70;Small;Large Cap;early
ANSS;2020-02-27;0,08066692825204071;-0,029134844517530400;-2,26628437295249e-02;0,009962263581620973;ANSS2019;26/07/2019;26/07/2019;Information Technology;Sensitive;4,100;HACK;HACK;72;99;2019;6;17,457534250;18281,918160;0,093264216;0,130682152;0,176192072;0,180226155;4838,89;Small;Large Cap;early
AON;2023-02-17;-0,04780784700590350;-0,034713816426610214;-2,34279209003843e-03;0,000227130144722162;AON2022;26/05/2022;26/05/2022;Financials;Cyclical;50,000;HACK;HACK;513;129682;2022;5;6,720547945;54480,296000;0,079164628;-4,894139887;-22,073724010;0,021098337;32704,00;Large;Large Cap;modern
ARHS;2023-03-09;-0,60748139580278948;-0,575718022669463259;-1,46616668132908e-01;-0,068160030178415196;ARHS2022;22/07/2022;22/07/2022;Consumer Discretionary;Cyclical;2,180;HACK;HACK;119;628;2022;6;31,753424660;774,511270;0,146635730;0,651584444;1,821602804;0,155808378;931,79;Small;Small Cap;modern
ARMK;2024-11-19;0,01123361588675788;0,029708813416020489;3,03672713434246e-02;0,031657025199809320;ARMK2024;19/09/2024;19/09/2024;Consumer Discretionary;Cyclical;266,680;HACK;HACK;28;12;2024;5;27,120547950;10050,835200;0,020712823;0,086385076;1,831747162;0,053058491;12674,37;Small;Large Cap;recent
ARW;2011-02-02;0,04917057803494193;0,034635126018918397;-3,09573907512559e-02;-0,001196117608537484;ARW2010;03/03/2010;03/03/2010;Information Technology;Sensitive;12,700;PORT;OTHER;13;4044;2010;4;21,386301370;3314,444770;0,049958659;0,147524218;0,541709433;0,096486364;9600,54;Large;Small Cap;early
ASUR;2024-02-26;-0,02646582109686032;-0,068855736767376663;3,26769087528156e-02;0,000796936678267217;ASUR2023;02/02/2023;02/02/2023;Industrials;Cyclical;0,581;UNKN;OTHER;3;47;2023;5;34,794520550;273,228140;-0,020758424;-0,048075970;0,054457228;0,068301837;443,87;Small;Small Cap;recent
ATEN;2024-02-29;0,11118248886486272;0,032771159935930237;-8,07638145945100e-03;-0,002928743431041729;ATEN2023;10/02/2023;10/02/2023;Information Technology;Sensitive;0,525;HACK;HACK;18;999;2023;6;22,468493150;1101,256790;0,102537397;0,192278089;0,080913622;0,249465764;389,81;Small;Small Cap;recent
ATRC;2022-02-17;0,17439744607815350;0,129272288765381771;1,17905103209979e-01;0,038284485780558694;ATRC2021;04/06/2021;04/06/2021;Health Care;Defensive;0,875;HACK;HACK;162;3159;2021;6;37,290410960;3407,484800;0,081583002;0,103769256;0,156374288;0,070946122;615,31;Large;Small Cap;modern
AYI;2023-10-26;-0,00345948636125451;-0,017925801100353592;1,32089190440215e-02;-0,005287832095766442;AYI2022;06/12/2022;06/12/2022;Industrials;Cyclical;12,200;HACK;HACK;791;37137;2022;3;24,772602740;5623,284390;0,101510929;0,171678079;0,293142800;0,116737568;3408,50;Large;Large Cap;modern
AZO;2024-10-28;0,00845449287327443;-0,024174177772374218;3,44669139485486e-03;-0,012605876020001053;AZO2023;21/11/2023;21/11/2023;Consumer Discretionary;Cyclical;126,000;HACK;HACK;177;184995;2023;3;21,386301370;44841,205500;0,155003703;-0,560556500;-2,663553501;0,017359261;17176,54;Large;Large Cap;recent
BBY;2019-03-28;0,08770031995676730;0,064386148307079533;3,44317647131948e-02;0,002524421940377190;BBY2018;05/04/2018;05/04/2018;Consumer Discretionary;Cyclical;125,000;HACK;HACK;191;18804;2018;5;10,189041100;19359,120580;0,113479575;0,442831216;0,419842710;0,153476475;12901,00;Large;Large Cap;early
BDC;2021-02-16;-0,08642741318648739;-0,114478521739206307;9,31885774039620e-03;-0,006177907712350829;BDC2020;14/12/2020;14/12/2020;Information Technology;Sensitive;6,200;HACK;HACK;32;5364;2020;2;16,619178080;1887,952470;-0,017569004;-0,073492401;2,178264571;0,159884245;3139,73;Large;Small Cap;modern
BDC;2022-02-15;0,01303215573904219;0,022654167438413433;1,96297475601459e-02;-0,016001709945284843;BDC2021;02/04/2021;05/04/2021;Information Technology;Sensitive;7,500;HACK;HACK;0;9840;2021;2;40,819178080;2008,583500;0,018704225;0,066917063;1,617880281;0,188360983;3417,68;Large;Small Cap;modern
BDC;2024-02-13;0,13298246616936127;0,099864882865826385;-2,88849597843611e-02;-0,000535431709402332;BDC2023;13/02/2023;13/02/2023;Information Technology;Sensitive;8,000;UNKN;OTHER;62;376;2023;2;41,027397260;3652,488870;0,074921201;0,208152234;1,118262098;0,184261977;3240,19;Small;Small Cap;recent
BGS;2024-02-28;0,11993071234816727;0,129240573679053478;-4,72364208385539e-02;0,023464548249856582;BGS2023;11/09/2023;11/09/2023;Consumer Staples;Defensive;2,912;HACK;HACK;231;918;2023;2;59,035616440;875,085120;-0,019114195;-0,079235107;2,534579030;0,011865596;3463,29;Small;Small Cap;recent
BLKB;2021-02-23;0,01172877012903611;-0,087242651310936115;1,13788534738491e-05;-0,009019554771061908;BLKB2020;14/09/2020;14/09/2020;Information Technology;Sensitive;3,100;HACK;HACK;220;8;2020;2;39,027397260;2796,662500;0,003774085;0,018108647;1,308809105;0,017483937;2044,73;Small;Small Cap;modern
BLKB;2024-02-21;-0,11632544666043121;-0,177493541259569843;1,65888531422638e-02;0,012705658397104738;BLKB2023;07/07/2023;07/07/2023;Information Technology;Sensitive;3,000;HACK;HACK;115;10;2023;6;12,391780820;3819,708750;0,000624940;0,002250512;1,021942488;0,010730771;2912,28;Small;Small Cap;recent
BLMN;2020-02-26;-0,38099000585642712;-0,170940001673749786;-1,13144892446903e-01;-0,018766841299056453;BLMN2019;17/10/2019;17/10/2019;Consumer Discretionary;Cyclical;94,000;UNKN;OTHER;77;499;2019;5;28,208219180;1584,590850;0,036344147;0,766534384;14,674132040;0,018689375;3592,68;Small;Small Cap;early
BMRN;2019-02-28;-0,04133191961272211;-0,003398502246810623;-2,23608091409091e-02;-0,011734754768848991;BMRN2018;13/11/2018;13/11/2018;Health Care;Defensive;1,280;HACK;HACK;49;1;2018;3;24,657534250;18468,793330;-0,017440426;-0,026015014;0,279795751;0,111580691;4427,13;Small;Large Cap;early
CABO;2020-02-28;-0,13761614156894947;-0,091039118062903102;-2,82486305115349e-02;0,005447863388327406;CABO2019;08/08/2019;08/08/2019;Communication Services;Sensitive;2,751;UNKN;OTHER;160;7375;2019;5;50,616438360;6863,886450;0,056659764;0,212201257;2,087283396;0,039745469;3151,83;Large;Large Cap;early
CAL;2024-04-02;-0,10966495840461385;-0,131381556235437486;-5,34739387339241e-02;-0,010499022474437127;CAL2023;01/09/2023;01/09/2023;Consumer Discretionary;Cyclical;9,200;HACK;HACK;56;13926;2023;6;14,712328770;1017,498300;0,094966826;0,305710886;1,333962981;0,011834352;1804,75;Large;Small Cap;recent
CAR;2016-02-24;0,03093396270507313;0,030707395946406656;1,38042817844345e-01;0,040980223006028070;CAR2015;04/11/2015;04/11/2015;Industrials;Cyclical;30,000;DISC;DISC;33;90;2015;4;4,558904110;4533,030000;0,017749802;0,712984055;28,066059230;0,040263128;17634,00;Small;Large Cap;early
CAT;2021-02-17;0,10759253168765659;0,131934990090862986;1,15877772319744e-01;0,046019016103234001;CAT2020;10/09/2020;10/09/2020;Industrials;Cyclical;97,300;UNKN;OTHER;43;1160;2020;5;29,512328770;83262,467760;0,038276901;0,195551497;2,333050682;0,119401461;78324,00;Small;Large Cap;modern
CBZ;2024-02-23;0,11815726424594564;0,152752141737922176;3,30798767555761e-03;0,003987998591403363;CBZ2023;01/09/2023;01/09/2023;Industrials;Cyclical;6,700;HACK;HACK;95;37601;2023;6;18,320547950;2795,063540;0,059193812;0,152811078;0,696060474;0,003958716;2043,59;Large;Small Cap;recent
CCBG;2020-03-05;0,03294565506214437;-0,111375734261587936;-3,12266864859621e-02;-0,016926078591042296;CCBG2019;22/01/2019;22/01/2019;Financials;Cyclical;0,815;DISC;DISC;20;11011;2019;3;6,523287671;427,182840;0,009973282;0,094206400;0,208913325;0,019452222;3088,95;Large;Small Cap;early
CF;2016-02-25;0,17890407227650243;0,092457167518671307;-2,40665395030609e-02;0,053597628855015331;CF2015;02/06/2015;02/06/2015;Materials;Cyclical;2,900;DISC;DISC;173;168;2015;3;16,780821920;73796,092020;0,054941949;0,173448652;1,385978390;0,022450918;12738,90;Small;Large Cap;early
CHGG;2019-02-25;0,03421246594266042;-0,003834219475572371;6,26448538966918e-03;0,009851724032911680;CHGG2018;26/09/2018;26/09/2018;Consumer Discretionary;Cyclical;1,087;HACK;HACK;150;75000;2018;4;4,052054795;3734,115000;-0,019565326;-0,036256131;0,690804950;0,492371258;760,94;Large;Small Cap;early
CHGG;2021-02-22;-0,18193568298297877;-0,057944867851308597;-1,58895755979350e-02;-0,022857284486920648;CHGG2020;27/04/2020;27/04/2020;Consumer Discretionary;Cyclical;1,941;HACK;HACK;18;700;2020;2;1,156164384;5105,207680;-0,002763344;-0,010204467;2,514273295;0,213148826;2251,26;Small;Large Cap;modern
CLH;2021-02-24;0,07056415854040463;0,071097542883670040;8,25695458701458e-03;-0,015994944030197755;CLH2020;15/12/2020;15/12/2020;Industrials;Cyclical;14,000;HACK;HACK;110;772;2020;3;14,509589040;3949,133300;0,032636173;0,100508292;1,318669212;0,125644073;4131,52;Small;Small Cap;modern
CLSK;2024-12-03;-0,06828961902186123;0,022103148733667342;-8,18791573191081e-02;-0,033747110608984443;CLSK2023;23/10/2023;23/10/2023;Information Technology;Sensitive;0,270;UNKN;OTHER;55;185;2023;2;18,594520550;1061,920160;-0,074275143;-0,082788422;0,038370367;0,061764073;1962,66;Small;Small Cap;recent
CMG;2019-02-08;0,08640733503027091;0,103655311439460746;-2,19497181200571e-02;-0,023678753291622587;CMG2018;22/08/2018;22/08/2018;Consumer Discretionary;Cyclical;73,000;UNKN;OTHER;32;33;2018;4;18,942465750;14371,973300;0,077930522;0,122492349;0,000000000;0,110329293;2265,52;Small;Large Cap;early
CMI;2023-02-14;-0,01092447491816506;-0,025637945046031490;-3,82184722281207e-04;0,009344160517320371;CMI2022;19/08/2022;19/08/2022;Industrials;Cyclical;73,600;UNKN;OTHER;114;22;2022;6;43,819178080;32527,260000;0,070992442;0,239665738;0,620724234;0,069342223;30299,00;Small;Large Cap;modern
CNDT;2021-02-24;0,14757844836663944;0,063145588163215916;1,11524174550444e-01;-0,023569385729105399;CNDT2020;25/11/2020;25/11/2020;Industrials;Cyclical;63,000;INSD;OTHER;202;22;2020;4;30,594520550;947,970780;-0,027725564;-0,099159664;1,510924370;0,105733083;4256,00;Small;Small Cap;modern
CNO;2022-02-24;-0,05828160686822429;-0,049993132077991366;-3,70445193833219e-02;-0,023694348547439813;CNO2021;21/07/2021;21/07/2021;Financials;Cyclical;3,350;HACK;HACK;232;562;2021;4;36,290410960;2734,965440;0,012180840;0,083845086;0,770633306;0,017459204;36204,40;Small;Small Cap;modern
COLD;2022-03-01;-0,02763103247310957;0,013678128141071291;1,00577251627734e-02;0,008476091677770166;COLD2021;04/03/2021;04/03/2021;Real Estate;Cyclical;16,275;HACK;HACK;126;141351;2021;5;4,504109589;9191,375580;-0,003706703;-0,007573973;0,850865219;0,010096885;8216,20;Large;Large Cap;modern
COMM;2024-02-29;-0,23426752162332293;-0,410262342339856478;1,31856171124384e-01;-0,094210108338525320;COMM2023;12/05/2023;12/05/2023;Information Technology;Sensitive;20,000;HACK;HACK;47;5485;2023;6;40,232876710;899,342160;-0,154813858;0,488715980;-3,184788467;0,053350975;9371,90;Large;Small Cap;recent
COMP;2024-02-28;-0,10010050817184980;-0,063256110217992836;-8,78128883825775e-02;-0,050386447905529291;COMP2023;21/02/2023;21/02/2023;Real Estate;Cyclical;2,549;UNKN;OTHER;111;79;2023;3;17,791780820;1881,384840;-0,276911144;-0,749475157;1,187543737;0,143842110;1160,30;Small;Small Cap;recent
COR;2024-11-26;-0,06718969608582093;0,020368355560615628;-2,07415150449031e-02;0,007903841372817036;COR2024;15/05/2024;15/05/2024;Health Care;Defensive;46,000;HACK;HACK;84;220541;2024;4;28,178082190;43265,871360;0,022490052;2,336323300;8,704892730;0,046685099;67101,67;Large;Large Cap;recent
COTY;2019-08-28;0,01741195296074236;0,047687501381998322;5,26341613543350e-02;0,017680502169369595;COTY2018;03/07/2018;03/07/2018;Consumer Staples;Defensive;19,000;HACK;HACK;172;4753;2018;3;37,816438360;10460,754000;-0,214215359;-0,825019622;1,669900584;0,019269306;17665,40;Large;Large Cap;early
CPRT;2015-09-25;-0,02272226283559750;-0,001781501064702242;-2,26703511556379e-03;-0,000970280557443209;CPRT2015;27/05/2015;27/05/2015;Industrials;Cyclical;4,267;HACK;HACK;57;4676;2015;4;30,120547950;4241,506800;0,122104923;0,227880978;0,669600939;0,253346756;1799,95;Large;Small Cap;early
CPS;2024-02-16;-0,33443327278558843;-0,218411290508635197;-9,97890055619581e-02;-0,018343553733747266;CPS2023;21/04/2023;21/04/2023;Consumer Discretionary;Cyclical;20,000;UNKN;OTHER;136;306;2023;6;39,564383560;192,606400;-0,107880739;2,484440344;-14,643382530;0,082679636;1872,30;Small;Small Cap;recent
CR;2017-02-28;-0,03001551299754785;-0,002822074456728491;6,22876134049420e-03;-0,027508099761001159;CR2016;08/06/2016;08/06/2016;Industrials;Cyclical;11,000;DISC;DISC;1;15;2016;4;0,906849315;3520,210500;0,035822637;0,108308344;0,657346975;0,148687281;3428,00;Small;Small Cap;early
CRBG;2024-02-15;-0,07901043017782262;0,003758656293265369;-5,03800482208859e-02;0,003726035837949756;CRBG2023;27/07/2023;27/07/2023;Financials;Cyclical;5,700;HACK;HACK;59;6500000;2023;5;10,512328770;11979,465280;0,002910855;0,093829679;1,011218766;0,001613626;379270,00;Large;Large Cap;recent
CSCO;2012-09-12;-0,02283730724697852;-0,014257387792911819;-3,08402255011777e-03;0,002288890792630565;CSCO2012;09/04/2012;09/04/2012;Information Technology;Sensitive;66,639;PORT;OTHER;14;4;2012;2;24,315068490;107125,560000;0,087631731;0,156787427;0,317767032;0,106790615;91759,00;Small;Large Cap;early
CTRN;2024-04-18;-0,22741004489148242;-0,067956724551465189;-2,75628299776391e-02;-0,014004473698680438;CTRN2023;22/06/2023;22/06/2023;Consumer Discretionary;Cyclical;4,800;HACK;HACK;161;5307;2023;5;6,232876712;151,523720;-0,023093339;-0,075957795;1,487907879;0,153658711;518,72;Large;Small Cap;recent
CZR;2023-02-22;0,04224888095279374;0,040860570384591392;4,32754321955801e-03;-0,025026183992601442;CZR2022;02/12/2022;02/12/2022;Consumer Discretionary;Cyclical;49,000;HACK;HACK;162;112;2022;6;3,679452055;11128,596480;-0,026814209;-0,242122273;7,039321304;0,030960122;33527,00;Small;Large Cap;modern
CZR;2024-02-20;-0,08189863138804765;-0,082482877195619780;-5,29279478993796e-02;-0,062994232906741776;CZR2023;06/10/2023;06/10/2023;Consumer Discretionary;Cyclical;51,000;HACK;HACK;48;384087;2023;6;4,421917808;9426,187680;0,023556914;0,172671353;5,667618629;0,030120482;33366,00;Large;Large Cap;recent
DAL;2019-02-15;-0,05358250850644754;-0,021406047318379286;-2,15137091356138e-02;-0,013984954722252614;DAL2018;05/04/2018;05/04/2018;Industrials;Cyclical;88,680;HACK;HACK;191;825000;2018;5;42,608219180;36621,783840;0,065293864;0,287499087;1,207496164;0,025968208;60266,00;Large;Large Cap;early
DLTR;2021-03-16;0,17233262686310927;0,062426577724539377;5,90284282160066e-02;-0,005780716643490180;DLTR2020;11/09/2020;11/09/2020;Consumer Staples;Defensive;199,327;UNKN;OTHER;126;67;2020;6;28,120547950;21062,815750;0,064838616;0,184192827;1,323198770;0,068452841;20696,00;Small;Large Cap;modern
DXPE;2021-03-18;-0,06070883223072332;-0,094799992736317978;-5,83805005955090e-02;-0,042689883372621411;DXPE2020;09/10/2020;09/10/2020;Industrials;Cyclical;2,550;HACK;HACK;52;2941;2020;6;12,936986300;351,890560;-0,033714958;-0,081230122;1,038904091;0,137453910;868,13;Large;Small Cap;modern
EFX;2015-02-25;0,06067949757747899;0,005942668377987356;1,20919301723748e-02;0,002920280127631929;EFX2014;05/03/2014;05/03/2014;Industrials;Cyclical;7,500;HACK;HACK;33;14;2014;4;38,958904110;8437,998000;0,078601686;0,166992409;0,521067224;0,027448547;4674,20;Small;Large Cap;early
EFX;2016-02-24;0,01944174422626038;-0,000662361009317416;-2,72766770773258e-02;-0,003036618075116989;EFX2015;02/04/2015;02/04/2015;Industrials;Cyclical;8,000;DISC;DISC;18;1382;2015;5;2,405479452;11037,913000;0,095165225;0,185685231;0,496776148;0,020691949;4509,00;Small;Large Cap;early
EFX;2018-03-01;0,09321722118015653;0,086837017374281136;5,50575527257529e-02;0,030666221465862252;EFX2017;07/09/2017;07/09/2017;Industrials;Cyclical;10,300;HACK;HACK;114;145500000;2017;5;10,780821920;16980,939000;0,081192800;0,185011341;0,674678679;0,046506484;7233,40;Large;Large Cap;early
EFX;2019-02-21;0,04456626659989665;0,031921033232720622;4,49112259123010e-03;-0,002350771089882648;EFX2018;01/03/2018;01/03/2018;Industrials;Cyclical;10,900;HACK;HACK;42;2400000;2018;5;25,205479450;13627,800000;0,041911312;0,096466954;0,848027544;0,031258737;7153,20;Large;Large Cap;early
ELMD;2022-08-23;0,12292496623055946;0,084970032995714970;-2,11310763611278e-02;-0,000824777462447869;ELMD2021;09/08/2021;09/08/2021;Health Care;Defensive;0,156;HACK;HACK;54;47521;2021;2;28,495890410;95,767500;0,055724785;0,067450912;0,003511544;0,197103762;41,36;Large;Small Cap;modern
EQBK;2022-03-09;-0,06588927377094637;-0,003502436593761995;-4,97968133697347e-03;-0,001197839601273626;EQBK2021;30/12/2021;30/12/2021;Financials;Cyclical;0,702;HACK;HACK;59;137950;2021;5;7,682191781;569,672400;0,010214825;0,104827707;0,315240167;0,050437838;5137,63;Large;Small Cap;modern
EWCZ;2024-03-06;-0,19028243257492836;-0,105724219889050064;-1,63437632163053e-01;-0,005247376685616766;EWCZ2023;25/05/2023;25/05/2023;Consumer Discretionary;Cyclical;0,204;HACK;HACK;37;1592;2023;5;55,117808220;840,591180;0,012139030;0,107160855;4,564205323;0,071677500;735,73;Small;Small Cap;recent
EXEL;2014-02-20;-0,09812683568550391;-0,107489947295846947;-2,07910092322493e-02;-0,024204636705769701;EXEL2013;15/08/2013;15/08/2013;Health Care;Defensive;0,227;STAT;OTHER;16;39;2013;5;39,608219180;900,525920;-0,486322913;-3,695159878;5,242262749;0,206597826;503,29;Small;Small Cap;early
EXPE;2023-02-10;-0,03984978503014475;-0,022489838061077884;2,42588409155383e-02;0,031565644002771363;EXPE2022;02/03/2022;02/03/2022;Consumer Discretionary;Cyclical;16,500;HACK;HACK;343;1770;2022;4;25,586301370;28793,648000;0,016325773;0,154183092;2,903635567;0,189972636;21561,00;Large;Large Cap;modern
FBIO;2023-03-31;0,09172922711946659;0,010580915120887716;-7,97249521470931e-02;-0,066013067695960728;FBIO2022;18/03/2022;18/03/2022;Health Care;Defensive;0,187;HACK;HACK;205;1800;2022;6;36,816438360;156,901480;-0,294171613;-2,075243300;2,981830385;0,605726790;294,30;Large;Small Cap;modern
FCX;2024-02-16;-0,12216190750156658;-0,062632066435194422;-3,35584714896616e-02;0,018594939509430773;FCX2023;08/09/2023;08/09/2023;Materials;Cyclical;27,200;HACK;HACK;31;168;2023;6;13,515068490;57055,600000;0,035195978;0,110705086;0,590247409;0,090618215;52506,00;Small;Large Cap;recent
FFIN;2019-02-19;-0,01419428741569310;-0,013727991134976499;-1,23926925362742e-03;-0,002448449715849722;FFIN2018;21/09/2018;21/09/2018;Financials;Cyclical;1,350;HACK;HACK;73;3;2018;6;22,668493150;4144,756000;0,019482779;0,143015964;0,444990245;0,026880358;7731,85;Small;Small Cap;early
FIS;2024-02-26;0,10062721468534461;0,088780049566269989;3,99148135956618e-02;0,000683865562299023;FIS2023;21/06/2023;21/06/2023;Financials;Cyclical;52,000;HACK;HACK;21;49000;2023;4;62,035616440;31860,950000;-0,120751293;-0,348504688;0,763683025;0,007984756;55105,00;Large;Large Cap;recent
FIVE;2019-03-28;0,05210738163800478;0,007374066011971813;-3,10582306381552e-02;-0,047327748382678697;FIVE2018;05/10/2018;05/10/2018;Consumer Discretionary;Cyclical;13,900;HACK;HACK;52;3234;2018;6;25,923287670;6681,043380;0,157146548;0,243288018;0,000000000;0,264367864;952,26;Large;Large Cap;early
FLL;2021-03-12;-0,13313354143981665;-0,176809886602819433;-2,18041984985645e-01;-0,070064916639926256;FLL2020;27/08/2020;27/08/2020;Consumer Discretionary;Cyclical;1,151;HACK;HACK;155;5049;2020;5;24,517808220;52,078080;0,000691387;0,002593645;2,280360640;0,177305565;212,62;Large;Small Cap;modern
FNF;2017-02-27;0,01561120412806981;0,020976148699973343;-1,03672902659787e-02;-0,014440315381683909;FNF2016;29/07/2016;29/07/2016;Financials;Cyclical;55,219;DISC;DISC;7;1;2016;6;33,772602740;10281,182850;0,044942266;0,108405604;0,457971981;0,091474798;14463,00;Small;Large Cap;early
FNF;2018-02-23;-0,01651884853131234;-0,031221250862365432;-3,47953417347924e-02;0,008103055491479111;FNF2017;04/05/2017;04/05/2017;Financials;Cyclical;24,367;HACK;HACK;113;236;2017;5;47,465753420;11152,916480;0,072341821;0,148864403;0,170676861;0,121298219;9151,00;Small;Large Cap;early
FOSL;2020-02-27;0,21655824953947531;0,105231338134793045;8,65736236474907e-02;-0,145079917117482526;FOSL2019;18/07/2019;18/07/2019;Consumer Discretionary;Cyclical;10,200;HACK;HACK;65;1393;2019;5;41,569863010;557,191480;-0,032631617;-0,104094193;1,117874025;0,124767251;1604,73;Small;Small Cap;early
GDEN;2020-03-13;-0,33687898857776866;-0,473446185521700869;-6,31479075340586e-02;0,009665082739379771;GDEN2019;07/11/2019;07/11/2019;Consumer Discretionary;Cyclical;8,000;HACK;HACK;161;5815;2019;5;10,175342470;427,385070;-0,022715040;-0,136482550;4,683634519;0,064148951;1740,92;Large;Small Cap;early
GDEN;2022-03-01;0,11068058453815482;-0,000518561459358947;-2,40179096574164e-03;-0,022925088610842151;GDEN2021;24/09/2021;24/09/2021;Consumer Discretionary;Cyclical;6,300;HACK;HACK;243;21912;2021;6;2,441095890;1408,633800;0,100135928;0,506276190;3,776588920;0,136509603;1615,56;Large;Small Cap;modern
GEN;2024-05-16;0,17451332552337592;0,211176065864855739;-3,90184015849694e-03;-0,024342114083898910;GEN2023;12/05/2023;12/05/2023;Information Technology;Sensitive;3,400;UNKN;OTHER;26;6;2023;6;37,156164380;10690,680000;0,039056556;0,280382340;3,939462904;0,053639361;15772,00;Small;Large Cap;recent
GES;2022-03-24;0,13157930468055778;0,082710922362448647;1,14186166187172e-02;-0,013575021734021073;GES2021;09/07/2021;09/07/2021;Consumer Discretionary;Cyclical;12,500;HACK;HACK;157;1304;2021;6;7,147945205;1495,323450;0,067053186;0,275212075;1,852087342;0,162607782;2555,63;Small;Small Cap;modern
GIS;2023-06-28;-0,10703424234762574;-0,075881189085763676;-1,26126027804054e-02;0,002517583082364189;GIS2023;12/01/2023;12/01/2023;Consumer Staples;Defensive;34,000;HACK;HACK;55;49000;2023;5;33,810958900;49245,070000;0,082472490;0,248229597;1,151536901;0,018615846;31451,70;Large;Large Cap;recent
GKOS;2022-02-28;-0,00584585025290025;0,075336768245500799;1,73013968111414e-02;-0,029633959340800698;GKOS2021;12/03/2021;12/03/2021;Health Care;Defensive;0,727;HACK;HACK;179;905;2021;6;7,789041096;4186,460100;-0,047245017;-0,084463792;0,652958098;0,095939975;1049,70;Small;Small Cap;modern
H;2018-02-15;-0,05831821601082327;-0,040531522547645235;-3,42865536204379e-02;0,013418658278805073;H2017;12/10/2017;12/10/2017;Consumer Discretionary;Cyclical;45,000;UNKN;OTHER;208;19;2017;5;38,816438360;7342,564350;0,032455683;0,070638298;0,411631206;0,065563087;7672,00;Small;Large Cap;early
HAS;2019-02-26;-0,04955536958532143;-0,021061151368015316;5,13979687056526e-02;0,007379124136501197;HAS2018;25/06/2018;25/06/2018;Consumer Discretionary;Cyclical;5,800;HACK;HACK;283;2039;2018;2;11,128767120;11563,506720;0,041883812;0,125640216;0,966147350;0,224657742;5262,99;Large;Large Cap;early
HBI;2023-02-08;-0,24986527209033882;-0,269133780826911473;1,47588840119974e-02;-0,017739362470973123;HBI2022;16/08/2022;16/08/2022;Consumer Discretionary;Cyclical;51,000;HACK;HACK;84;75106;2022;3;6,523287671;3661,104410;-0,019558183;-0,319396179;10,272118490;0,036657064;6503,88;Large;Small Cap;modern
HCC;2024-02-14;-0,21776532432893347;-0,116959874047301404;-3,68741219668055e-02;-0,016295633094520749;HCC2023;13/12/2023;13/12/2023;Materials;Cyclical;1,143;HACK;HACK;137;19794;2023;4;7,136986301;2896,938110;0,203062038;0,255344246;0,092423041;0,313185760;2357,06;Large;Small Cap;recent
HFFG;2024-03-26;0,05065308184140341;0,008818772173942658;-2,40019581999910e-02;0,000845037346365143;HFFG2023;23/03/2023;23/03/2023;Consumer Staples;Defensive;1,049;HACK;HACK;238;982;2023;5;10,808219180;198,714360;-0,003644471;-0,007583871;0,508374003;0,025534768;596,52;Small;Small Cap;recent
HON;2022-02-11;-0,04812782023024034;-0,064317107304317139;3,13137108324282e-03;0,000280735023135003;HON2021;30/04/2021;30/04/2021;Industrials;Cyclical;99,000;HACK;HACK;73;3567;2021;6;4,506849315;153326,720000;0,085962463;0,298454413;0,920297270;0,169986040;64470,00;Large;Large Cap;modern
HON;2024-02-16;-0,01526769443392844;0,007148356185610302;-1,86083216558670e-02;0,003120934641784841;HON2023;16/06/2023;16/06/2023;Industrials;Cyclical;95,000;HACK;HACK;20;118379;2023;6;3,950684932;132791,214000;0,091962617;0,356836529;1,226728052;0,128809427;61525,00;Large;Large Cap;recent
HQY;2019-03-28;-0,10106349698804659;-0,111648596979001549;1,15099191505386e-02;-0,016527363262373970;HQY2018;12/06/2018;12/06/2018;Health Care;Defensive;1,141;HACK;HACK;62;165800;2018;3;32,813698630;4905,757760;0,144895454;0,154898874;0,000000000;0,708752274;510,02;Large;Large Cap;early
HSIC;2024-02-28;0,00302662735492827;-0,005134857636432193;-1,76134233068035e-02;0,002810255258875765;HSIC2023;15/10/2023;16/10/2023;Health Care;Defensive;25,000;HACK;HACK;18;166432;2023;2;6,821917808;9480,340800;0,039345503;0,113816689;0,677701778;0,016173272;10573,00;Large;Large Cap;recent
HUM;2019-02-21;-0,11635223304059511;-0,035264993079904064;-6,22254255449220e-02;-0,016447687036880737;HUM2018;04/06/2018;04/06/2018;Health Care;Defensive;41,600;HACK;HACK;138;6836;2018;2;1,797260274;39271,048560;0,066225947;0,165633304;0,597283732;0,092196907;25413,00;Large;Large Cap;early
HUM;2020-02-20;0,11084304094003808;-0,037298609192664416;-6,48153667032655e-02;-0,041848818669364393;HUM2019;03/06/2019;03/06/2019;Health Care;Defensive;46,000;DISC;DISC;80;863;2019;2;39,816438360;38324,981550;0,093107244;0,224889923;0,507933871;0,139437298;29074,00;Small;Large Cap;early
HUM;2021-02-18;0,05753413279503674;0,034580496749800120;3,27746169793036e-02;0,015675336856822906;HUM2020;20/08/2020;20/08/2020;Health Care;Defensive;48,700;HACK;HACK;25;564;2020;5;28,871232880;53863,898000;0,096285281;0,245265152;0,520396270;0,133632646;34969,00;Small;Large Cap;modern
HUM;2022-02-17;0,12800706892446320;0,019366053353105504;2,59924533827664e-02;0,003438306973091599;HUM2021;12/11/2021;12/11/2021;Health Care;Defensive;95,500;HACK;HACK;79;1965;2021;6;22,309589040;49125,082800;0,066121106;0,182400498;0,822450249;0,076513819;44358,00;Large;Large Cap;modern
HUM;2023-02-16;-0,02584879471624753;0,058073407095577775;-2,95090152353453e-03;-0,008570742401055769;HUM2022;08/09/2022;08/09/2022;Health Care;Defensive;67,100;HACK;HACK;124;999;2022;5;22,545205480;60196,708250;0,065172454;0,183266932;0,766377114;0,117547323;43055,00;Small;Large Cap;modern
HUM;2024-02-15;-0,07569049729141218;-0,022212497471469070;-2,08816625657190e-02;-0,000470231316060757;HUM2023;15/12/2023;15/12/2023;Health Care;Defensive;67,600;HACK;HACK;199;49999;2023;6;16,328767120;57329,167200;0,052884309;0,153056205;0,753228385;0,099734410;47065,00;Large;Large Cap;recent
HZO;2024-11-14;0,07306666529772614;-0,011669618444625558;1,95343044996695e-03;-0,007213062538889723;HZO2024;16/07/2024;16/07/2024;Consumer Discretionary;Cyclical;4,050;HACK;HACK;128;123494;2024;3;33,139726030;791,970720;0,014612287;0,039010243;0,536956020;0,086111380;2605,07;Large;Small Cap;recent
INSM;2019-02-22;0,14706276322328829;0,087612642490618592;1,73046476621224e-02;0,017130554361923633;INSM2018;17/09/2018;17/09/2018;Health Care;Defensive;0,373;UNKN;OTHER;63;522;2018;2;41,827397260;1476,582800;-0,536388689;-1,557032833;1,519969654;0,818901806;604,56;Small;Small Cap;early
JOB;2023-12-18;-0,12606876367429923;-0,087555770391313362;-3,08411917805095e-02;-0,043219119319107324;JOB2022;07/10/2022;07/10/2022;Industrials;Cyclical;0,251;HACK;HACK;227;16326;2022;6;25,813698630;72,690828;0,076263432;0,086165726;0,039432393;0,181961731;123,49;Large;Small Cap;modern
JPM;2014-02-20;-0,00549662273549239;-0,036273547340889417;-2,61199777670451e-02;0,000399362082238189;JPM2013;05/12/2013;05/12/2013;Financials;Cyclical;251,196;UNKN;OTHER;143;1292;2013;5;40,969863010;214811,816500;0,007419415;0,089606039;2,674202580;0,016463626;2415689,00;Small;Large Cap;early
JWN;2019-03-18;-0,04250712193824622;-0,030140755912768314;-1,25589235714134e-02;-0,022178060372682561;JWN2018;07/11/2018;07/11/2018;Consumer Discretionary;Cyclical;71,000;DISC;DISC;29;107106;2018;4;44,024657530;10631,696000;0,071519148;0,646048110;3,075601375;0,121354299;7886,00;Large;Large Cap;early
KELYA;2013-02-14;-0,00548515554501228;0,059158171519855279;3,29509521574407e-02;0,017056337519640877;KELYA2012;09/03/2012;09/03/2012;Industrials;Cyclical;7,100;DISC;DISC;89;7;2012;6;2,917808219;558,372000;0,030629088;0,067611336;0,086504723;0,046646696;1635,70;Small;Small Cap;early
KR;2017-03-28;0,02695056870607352;-0,008823388424279491;-1,13881009554573e-03;-0,005413646970377426;KR2016;25/05/2016;25/05/2016;Consumer Staples;Defensive;443,000;HACK;HACK;126;20;2016;4;28,698630140;32820,480000;0,054102178;0,294864139;1,888922066;0,008820709;36505,00;Small;Large Cap;early
LCUT;2022-03-09;-0,08430124414237923;0,044513810630455786;-3,64859913677304e-02;-0,026791619717008053;LCUT2021;16/04/2021;16/04/2021;Consumer Discretionary;Cyclical;1,350;HACK;HACK;66;1386;2021;6;25,827397260;317,719740;0,025089437;0,081366421;1,373305274;0,033750908;829,07;Small;Small Cap;modern
LDI;2024-03-15;-0,06013108309105197;-0,139333814528101452;6,69874514724261e-02;-0,001618486265835406;LDI2023;24/04/2023;24/04/2023;Financials;Cyclical;4,250;HACK;HACK;264;1364;2023;2;11,693150680;315,033960;-0,017906217;-0,311981645;6,580565942;0,107413729;6151,05;Small;Small Cap;recent
LSTR;2017-02-24;-0,04060005298380047;-0,020262575972929141;-2,87487740763892e-02;-0,017762985618435565;LSTR2016;21/03/2016;21/03/2016;Industrials;Cyclical;1,197;DISC;DISC;26;1362;2016;2;8,279452055;2815,279020;0,125251803;0,253153125;0,254911466;0,163139220;1096,59;Small;Small Cap;early
LUV;2019-02-05;0,02720203031764478;0,031792224688181568;1,56617904639941e-03;0,004153016967773163;LUV2018;20/04/2018;20/04/2018;Industrials;Cyclical;58,803;HACK;HACK;201;36485;2018;6;7,263013699;30282,644400;0,093929810;0,250177611;0,342738252;0,070647411;26243,00;Large;Large Cap;early
LUV;2024-02-06;0,14584356245703753;0,115380590207513914;9,83955694687093e-02;0,050677068416211821;LUV2023;23/06/2023;23/06/2023;Industrials;Cyclical;74,806;HACK;HACK;54;3009;2023;6;21,756164380;20448,465640;0,012744265;0,044222539;0,874940561;0,254556417;36487,00;Large;Large Cap;recent
M;2019-04-03;0,07259410199659053;0,022410984353206913;-5,83723729196651e-02;-0,021364950153484299;M2018;03/07/2018;03/07/2018;Consumer Discretionary;Cyclical;130,000;HACK;HACK;68;162507;2018;3;24,189041100;11236,780800;0,057726373;0,172156619;0,738191423;0,060539752;19194,00;Large;Large Cap;early
M;2020-03-30;-0,23455685134979887;-0,211442052543816122;1,67580248714141e-01;-0,017597096710797192;M2019;14/11/2019;14/11/2019;Consumer Discretionary;Cyclical;123,000;HACK;HACK;38;135152;2019;5;26,304109590;4966,128170;0,026638957;0,088442841;1,162145209;0,032354053;21172,00;Large;Large Cap;early
MATV;2023-03-01;-0,17423175427562138;-0,064633117744275298;-4,41329434240580e-02;-0,008210319462998602;MATV2022;03/10/2022;03/10/2022;Materials;Cyclical;7,500;HACK;HACK;104;9268;2022;2;33,813698630;1212,854400;-0,001798757;-0,005596540;1,485118291;0,033903848;3669,20;Large;Small Cap;modern
MDU;2020-02-21;-0,00536211858509730;-0,021532464169940490;-5,03503730721720e-02;-0,011194247523343710;MDU2019;22/07/2019;22/07/2019;Utilities;Defensive;13,359;STAT;OTHER;90;3;2019;2;38,465753420;5252,064640;0,043661385;0,117816655;0,828348868;0,008650070;7683,06;Small;Large Cap;early
MEG;2023-03-01;-0,35317027648485255;-0,362829634586653182;-1,17093898622930e-02;-0,002556523531792521;MEG2022;06/09/2022;06/09/2022;Industrials;Cyclical;2,900;HACK;HACK;90;269;2022;3;33,813698630;1177,088790;-0,040179868;-0,101597448;0,645358843;0,113431509;791,91;Small;Small Cap;modern
MFA;2022-02-23;-0,05037993829736294;-0,055660573545343428;-2,08882467745899e-02;-0,023496497418437158;MFA2021;01/09/2021;01/09/2021;Financials;Cyclical;0,298;HACK;HACK;175;13006;2021;4;30,810958900;2076,244800;0,035982629;0,129341028;2,526395213;0,033337681;9139,69;Large;Small Cap;modern
MGM;2024-02-23;-0,07641651985832017;-0,131941343136725203;-9,64422318123238e-03;0,002514562047687123;MGM2023;05/10/2023;05/10/2023;Consumer Discretionary;Cyclical;76,000;HACK;HACK;24;811740;2023;5;43,232876710;11481,498000;0,027008431;0,300251104;8,302127431;0,069103926;42368,55;Large;Large Cap;recent
MGRC;2022-02-23;0,11228035879615805;0,073888738144273214;3,18779043620884e-04;0,011621021021361418;MGRC2021;15/12/2021;15/12/2021;Industrials;Cyclical;1,184;HACK;HACK;151;6686;2021;4;6,284931507;1801,790200;0,056208747;0,122544299;0,597588047;0,000934254;1595,93;Large;Small Cap;modern
MKSI;2024-02-27;0,03672821848178476;0,025064844557546345;6,16487489447603e-02;0,017389674046527047;MKSI2023;15/02/2023;15/02/2023;Information Technology;Sensitive;10,200;HACK;HACK;2;1064;2023;4;42,024657530;6665,247000;-0,201908313;-0,744741100;2,032362460;0,095964027;9118,00;Small;Large Cap;recent
ML;2022-03-17;0,25865759994445281;0,220437625333848086;-2,14690177469821e-02;0,120126434698729648;ML2021;24/09/2021;24/09/2021;Financials;Cyclical;0,556;HACK;HACK;87;94;2021;6;33,813698630;1989,059660;-0,370795340;-0,822161275;0,841698093;0,410472842;491,54;Small;Small Cap;modern
MMC;2014-02-27;0,02640550082982387;0,009814279444770774;1,68015787512154e-02;-0,003604010158940593;MMC2013;26/11/2013;26/11/2013;Financials;Cyclical;55,000;HACK;HACK;178;86;2013;3;8,389041096;26069,516800;0,079917550;0,171663504;0,373814042;0,135630153;16980,00;Small;Large Cap;early
MMS;2021-11-18;-0,01243420547025452;-0,061672905022518591;-2,60147350258642e-02;0,009561786347254729;MMS2021;18/06/2021;18/06/2021;Industrials;Cyclical;35,800;HACK;HACK;32;334690;2021;6;2,884931507;5577,718620;0,070697372;0,196713028;1,153486826;0,032790033;4118,97;Large;Large Cap;modern
MMS;2023-11-16;0,05419742220812285;0,067744490259098067;1,85480243426593e-02;-0,012423426556085707;MMS2023;28/07/2023;28/07/2023;Industrials;Cyclical;39,600;HACK;HACK;62;9179226;2023;6;23,841095890;5075,643580;0,040592133;0,097007198;0,856926495;0,016409516;3985,80;Large;Large Cap;recent
MMS;2023-11-16;0,05419742220812285;0,067744490259098067;1,85480243426593e-02;-0,012423426556085707;MMS2022;01/11/2022;01/11/2022;Industrials;Cyclical;39,600;DISC;DISC;64;57;2022;3;23,841095890;5075,643580;0,040592133;0,097007198;0,856926495;0,016409516;3985,80;Small;Large Cap;modern
MODG;2024-02-29;-0,04047927036067656;-0,066147331428655948;7,71543271825067e-03;-0,000700882675183422;MODG2023;07/08/2023;07/08/2023;Consumer Discretionary;Cyclical;32,000;HACK;HACK;6;14048;2023;2;60,035616440;3528,877000;0,010415981;0,024495900;1,115079160;0,043144091;9120,60;Large;Small Cap;recent
MOH;2018-03-01;-0,04719947590970634;0,014113378185090394;9,59801558315815e-03;0,008779235401962295;MOH2017;21/12/2017;21/12/2017;Health Care;Defensive;20,000;DISC;DISC;69;1380;2017;5;42,819178080;4704,000000;-0,060441506;-0,382946896;1,622288706;0,376106717;8471,00;Small;Large Cap;early
MRTN;2023-02-28;-0,04743090047913833;0,012930912687492753;-4,32491031538289e-03;0,010619075459209823;MRTN2022;25/03/2022;25/03/2022;Industrials;Cyclical;4,575;HACK;HACK;176;35294;2022;6;2,750684932;1538,751550;0,114276069;0,156770878;0,001008639;0,083464588;965,68;Large;Small Cap;modern
MRTN;2024-02-28;-0,07391283547754865;-0,043406075132467373;-1,46681632075785e-02;-0,015677004848767204;MRTN2023;15/05/2023;15/05/2023;Industrials;Cyclical;4,213;HACK;HACK;118;13;2023;2;40,884931510;1682,345280;0,071059506;0,092915634;0,000682611;0,053732106;990,34;Small;Small Cap;recent
MS;2021-02-26;0,09231381358905516;0,095609509724347203;4,82924450521269e-02;0,028842725107397316;MS2020;10/07/2020;10/07/2020;Financials;Cyclical;68,097;DISC;DISC;1592;14256250;2020;6;1,290410959;85975,236240;0,009854265;0,118835850;2,950286931;0,094683751;1115862,00;Large;Large Cap;modern
MS;2022-02-24;-0,16178479183565189;-0,155996378367952021;-7,39530572228700e-02;-0,040630170078698548;MS2021;02/07/2021;02/07/2021;Financials;Cyclical;74,814;HACK;HACK;163;33443;2021;6;27,871232880;163080,328500;0,012653391;0,153893399;3,075738809;0,107499958;1188140,00;Large;Large Cap;modern
MTX;2021-02-19;0,13947258812297603;0,051186719007126506;1,23137042702176e-02;-0,003992613295307019;MTX2020;24/11/2020;24/11/2020;Materials;Cyclical;3,566;HACK;HACK;35;1200;2020;3;6,317808219;2066,802000;0,035022123;0,076944140;0,681202081;0,114569702;3209,40;Small;Small Cap;modern
MTZ;2024-03-01;0,20150865454707928;0,245725262452417187;3,38960830208067e-02;0,006772671325799612;MTZ2023;20/11/2023;20/11/2023;Industrials;Cyclical;34,000;HACK;HACK;177;22009;2023;2;35,553424660;4231,173600;-0,005328740;-0,018457574;1,291849830;0,056495480;9373,51;Large;Small Cap;recent
MXL;2021-02-11;0,16118697282432931;0,185273515305877018;1,18525371678750e-01;0,030813228371022870;MXL2020;11/06/2020;11/06/2020;Information Technology;Sensitive;1,420;HACK;HACK;57;2689;2020;5;1,380821918;1487,738560;-0,096428942;-0,252080579;1,003786591;0,145632711;1022,44;Large;Small Cap;modern
MYRG;2017-03-09;-0,03020816403345555;0,041834473510611002;-5,52646658095924e-02;-0,016047231113115588;MYRG2016;16/05/2016;16/05/2016;Industrials;Cyclical;4,600;HACK;HACK;32;6878;2016;2;19,443835620;382,845520;0,037369114;0,081432816;0,243139520;0,041580136;573,50;Large;Small Cap;early
MYRG;2021-03-03;0,17592121839037106;0,088479683125686978;1,12685765632707e-01;0,047784945238986298;MYRG2020;09/09/2020;09/09/2020;Industrials;Cyclical;7,200;UNKN;OTHER;127;844;2020;4;32,317808220;603,093360;0,059003333;0,136875478;0,121317158;0,022762259;995,86;Small;Small Cap;modern
NTRA;2020-03-02;0,24805305507062528;0,110854797742469494;-6,20618177325145e-02;0,022498886716739053;NTRA2019;15/07/2019;15/07/2019;Health Care;Defensive;1,039;HACK;HACK;348;3035;2019;2;10,693150680;2000,048200;-0,214237904;-0,447872527;0,379217182;0,106282266;582,66;Large;Small Cap;early
OKTA;2024-03-01;0,15206236707996429;0,245355152280090916;-1,05466532483631e-02;-0,003004824484150407;OKTA2023;01/11/2023;01/11/2023;Information Technology;Sensitive;5,908;HACK;HACK;39;4961;2023;4;6,539726027;11265,963660;-0,039492713;-0,060292120;0,220278533;0,037156525;8989,00;Large;Large Cap;recent
ONTF;2022-03-14;-0,00156582468940451;0,141465876148634873;1,47143032523543e-01;0,080737309126118789;ONTF2021;29/10/2021;29/10/2021;Information Technology;Sensitive;0,717;HACK;HACK;121;1160;2021;6;29,369863010;912,062970;-0,050481905;-0,068309443;0,011247853;0,343291938;480,49;Small;Small Cap;modern
PBYI;2023-03-02;-0,59300689584694533;-0,467409575422556178;-1,85864830655158e-01;-0,064538340915541614;PBYI2022;04/04/2022;04/04/2022;Health Care;Defensive;0,192;HACK;HACK;357;11;2022;2;17,235616440;138,111080;0,000009010;0,000092600;5,288828212;0,343156548;222,06;Small;Small Cap;modern
PBYI;2024-02-29;-0,25821507294383961;-0,299578727614374651;-1,03501532391412e-01;-0,092228721129174907;PBYI2023;17/05/2023;17/05/2023;Health Care;Defensive;0,185;HACK;HACK;390;1933;2023;4;11,221917810;136,270420;0,093658905;0,404008084;2,086186894;0,366918552;230,53;Large;Small Cap;recent
PCAR;2019-02-21;0,00828979200410005;-0,007205061678470160;-3,79007513749606e-02;-0,007788504215926464;PCAR2018;14/02/2018;14/02/2018;Industrials;Cyclical;28,000;UNKN;OTHER;23;251;2018;4;43,904109590;23617,324000;0,086141808;0,255455085;0,778980321;0,134834239;25482,40;Small;Large Cap;early
PEP;2023-02-09;0,00753757018057364;0,017574000762698355;-4,55584699660255e-03;0,002760138733704584;PEP2022;07/10/2022;07/10/2022;Consumer Staples;Defensive;315,000;UNKN;OTHER;590;949;2022;6;9,279452055;224175,600000;0,096651372;0,519563823;2,400664762;0,053738597;92187,00;Small;Large Cap;modern
PK;2020-02-27;-0,60385570073305173;-0,215303134913407634;-1,07807345667202e-01;-0,007284403470579393;PK2019;16/09/2019;16/09/2019;Real Estate;Cyclical;0,488;HACK;HACK;68;469;2019;2;27,391780820;6240,819090;0,027103632;0,047105911;0,635929803;0,030646590;11290,00;Small;Large Cap;early
PLUG;2024-02-29;-0,07714095025779268;0,157331379105632968;9,72799567043538e-02;0,006747415159544750;PLUG2023;15/12/2023;15/12/2023;Industrials;Cyclical;3,868;HACK;HACK;277;8323;2023;6;49,202739730;2903,391440;-0,279197665;-0,472316757;0,334302351;0,027542365;4902,74;Large;Small Cap;recent
PSA;2014-02-26;0,01120033384543866;0,005869652988727628;7,77802541311698e-03;0,013858662227840563;PSA2013;25/09/2013;25/09/2013;Real Estate;Cyclical;5,200;DISC;DISC;21;745;2013;4;6,049315068;27564,894720;0,106563857;0,201263475;0,160454407;0,001940916;9876,27;Small;Large Cap;early
R;2020-02-27;0,02549482240769129;0,113517508755801619;-9,73037803369036e-02;-0,081545244969086814;R2019;28/05/2019;28/05/2019;Industrials;Cyclical;39,900;HACK;HACK;68;729;2019;3;23,517808220;2867,954740;-0,001686317;-0,009857409;3,118655580;0,005083406;14475,33;Small;Small Cap;early
R;2022-02-17;0,13505925896647608;0,123686202704461845;-1,07294428272408e-02;-0,014711770407007463;R2021;08/06/2021;08/06/2021;Industrials;Cyclical;42,800;HACK;HACK;176;3563;2021;3;28,975342470;4312,264130;0,037518352;0,185507869;2,478773357;0,016911633;13834,32;Large;Small Cap;modern
RARE;2017-02-17;0,05352488859032493;0,092961367783439039;1,09930371122165e-01;0,019220704268655513;RARE2016;01/04/2016;01/04/2016;Health Care;Defensive;0,376;UNKN;OTHER;1;280;2016;6;16,443835620;2610,904400;-0,454794997;-0,518749974;0,000000000;0,298024882;540,63;Small;Small Cap;early
REGN;2011-02-17;0,04286563824497614;0,013937990753202388;-2,80080588994589e-02;-0,001277050965446662;REGN2010;26/07/2010;26/07/2010;Health Care;Defensive;1,395;HACK;HACK;38;9;2010;2;12,391780820;2146,974200;-0,095892171;-0,197925409;0,303193354;0,103330910;1089,43;Small;Small Cap;early
RHP;2017-02-28;-0,03481814431871729;-0,049015619403169702;-3,91124008900203e-02;-0,004126497137097862;RHP2016;01/04/2016;01/04/2016;Real Estate;Cyclical;0,807;DISC;DISC;9;2478;2016;6;40,021917810;2598,504480;0,066243708;0,433063313;4,083060460;0,024577752;2405,75;Large;Small Cap;early
RILY;2020-03-10;-0,21386674610932793;-0,184853654950185381;-8,13625930994382e-02;-0,044176260559896999;RILY2019;27/09/2019;27/09/2019;Financials;Cyclical;0,982;UNKN;OTHER;137;102;2019;6;37,772602740;651,104080;0,035204803;0,226282371;2,403743138;0,044978427;2318,18;Small;Small Cap;early
RLGT;2024-09-12;0,01511755078875722;0,057042368762246935;-2,23483167198964e-02;-0,039273367074599448;RLGT2023;09/08/2023;09/08/2023;Industrials;Cyclical;0,931;HACK;HACK;70;238;2023;4;2,293150685;341,237610;0,020703962;0,036706757;0,276912716;0,067012406;371,19;Small;Small Cap;recent
ROL;2014-02-26;0,00898944030450416;-0,007789294823653981;6,96077290503866e-03;0,011388405709276744;ROL2013;27/03/2013;27/03/2013;Industrials;Cyclical;10,649;DISC;DISC;15;25;2013;4;49,890410960;3569,292080;0,166838696;0,281411507;0,000000000;0,159920565;739,22;Small;Small Cap;early
RSG;2022-02-11;-0,07103118040926619;-0,081715319164115605;-6,42707609773732e-03;-0,012619757594386915;RSG2021;20/09/2021;20/09/2021;Industrials;Cyclical;35,000;HACK;HACK;961;6441;2021;2;23,734246580;39155,168000;0,051709076;0,143714709;1,094967090;0,001162092;24955,00;Large;Large Cap;modern
RSG;2023-02-23;0,07171056625020711;0,036832929617858640;-1,47766646934529e-02;-0,004362330363715016;RSG2022;03/06/2022;03/06/2022;Industrials;Cyclical;40,000;UNKN;OTHER;55;1;2022;6;4,641095890;42796,779000;0,051203150;0,153582490;1,247305389;0,004935824;29052,90;Small;Large Cap;modern
SBH;2015-11-12;0,17611963423586888;0,147929976321315687;9,28284142755399e-02;-0,000573923879886942;SBH2015;28/05/2015;28/05/2015;Consumer Discretionary;Cyclical;28,330;HACK;HACK;83;3637798;2015;5;7,284931507;4854,036600;0,112248138;-0,789356694;-6,002242958;0,066864628;2094,35;Large;Large Cap;early
SITE;2021-03-03;0,07706924870453566;0,085468915889515232;8,16387479269524e-02;0,022602706811754258;SITE2020;30/10/2020;30/10/2020;Industrials;Cyclical;4,900;HACK;HACK;120;15390;2020;6;13,610958900;5511,407130;0,071533880;0,152578616;0,714465409;0,032552928;1695,70;Large;Large Cap;modern
SLAB;2017-02-01;0,00863216831493452;0,073105232375359278;1,80566980634240e-02;0,027251169240948701;SLAB2016;04/04/2016;04/04/2016;Information Technology;Sensitive;1,252;DISC;DISC;41;969;2016;2;23,545205480;1924,799550;0,056841837;0,074361697;0,087670716;0,130431005;1081,84;Small;Small Cap;early
SNA;2023-02-09;0,01633772622013519;-0,000995361621573652;-2,25758857090664e-03;0,005180845850947500;SNA2022;07/04/2022;07/04/2022;Industrials;Cyclical;12,900;HACK;HACK;37;41052;2022;5;41,819178080;10991,232110;0,130750918;0,203445429;0,279338585;0,108593391;6972,80;Large;Large Cap;modern
SOND;2023-03-16;-0,27004813972876307;-0,344568059725819886;-2,22074389851581e-01;-0,091521728629931257;SOND2022;14/11/2022;14/11/2022;Consumer Discretionary;Cyclical;1,695;HACK;HACK;177;13875;2022;2;17,673972600;404,723760;-0,105325836;8,309119166;-75,090690330;0,156724783;1573,61;Large;Small Cap;modern
SPLP;2021-04-13;0,26386793480057502;0,344357757891809058;2,91702803599038e-01;0,086243263021878416;SPLP2020;29/06/2020;29/06/2020;Industrials;Cyclical;4,300;HACK;HACK;72;23969;2020;2;25,498630140;127,440760;0,018471789;0,135927505;4,876835746;0,034513206;3934,38;Large;Small Cap;modern
SWK;2014-02-21;0,05239774648674052;0,019374317143020067;4,33206490544400e-03;-0,003266292987022393;SWK2013;15/04/2013;15/04/2013;Industrials;Cyclical;50,700;PORT;OTHER;77;7;2013;2;37,024657530;12320,155960;0,029652073;0,072111425;0,560257089;0,030008890;16535,10;Small;Large Cap;early
SYF;2019-02-15;0,08919338417879166;0,061111428519070379;1,16482289283429e-02;0,000720910950418127;SYF2018;03/12/2018;03/12/2018;Financials;Cyclical;16,500;UNKN;OTHER;340;28732;2018;2;3,663013699;18673,358820;0,026125552;0,190080392;1,634827633;0,087984119;106792,00;Large;Large Cap;early
TGT;2014-03-14;0,03570904635082064;0,017166041547210395;9,34131523840752e-03;-0,002434601914359552;TGT2013;19/12/2013;19/12/2013;Consumer Staples;Defensive;366,000;CARD;OTHER;22;40000000;2013;5;5,701369863;40222,765050;0,044239445;0,121434292;0,844187049;0,015599398;44553,00;Large;Large Cap;early
THG;2013-02-26;0,03520751501835341;0,007588716577472130;-4,85379380457696e-03;-0,001698762658685822;THG2012;06/03/2012;06/03/2012;Financials;Cyclical;5,100;PORT;OTHER;66;1;2012;3;21,002739730;1790,163000;0,004145377;0,021538106;0,327271326;0,041883885;13484,90;Small;Small Cap;early
TILE;2024-02-28;0,06980146266253838;0,075873467260408237;-5,50261804094284e-02;-0,019247597086776293;TILE2023;11/08/2023;11/08/2023;Industrials;Cyclical;3,619;HACK;HACK;300;14776;2023;6;16,723287670;596,810240;0,036189888;0,104513003;1,210129429;0,089828834;1230,10;Large;Small Cap;recent
TMO;2019-02-27;-0,01966588978206644;-0,015877340345615353;-2,46955979713380e-02;0,008434610319591420;TMO2018;30/03/2018;02/04/2018;Health Care;Defensive;70,000;HACK;HACK;168;2900;2018;2;26,345205480;83022,108120;0,052247830;0,106503299;0,663271225;0,037398634;56232,00;Large;Large Cap;early
TMUS;2022-02-11;0,18468627946801408;0,185697531460103538;8,73711037734818e-03;0,003127337709663934;TMUS2021;09/02/2021;09/02/2021;Communication Services;Sensitive;75,000;HACK;HACK;22;421;2021;3;11,671232880;157525,885400;0,014639601;0,043761396;1,574730109;0,032101586;206563,00;Small;Large Cap;modern
TNDM;2021-02-24;-0,10348150935958997;-0,156527822211961570;-1,01981201755064e-01;0,014764470848372669;TNDM2020;16/03/2020;16/03/2020;Health Care;Defensive;1,500;HACK;HACK;59;140838;2020;2;8,158904110;3568,055400;-0,047991737;-0,093861673;0,623302985;0,132064516;716,42;Large;Small Cap;modern
TROW;2024-02-16;0,00751015582893959;-0,011007513974682857;-1,43222120471866e-02;-0,000112336104065689;TROW2023;02/06/2023;02/06/2023;Financials;Cyclical;7,906;HACK;HACK;87;684;2023;6;18,717808220;24270,400440;0,145673844;0,188183186;0,041861737;0,174593608;12278,80;Small;Large Cap;recent
TSLA;2024-01-29;-0,24694035839933626;-0,176908558579871977;-3,20806445615642e-02;0,013585035943522859;TSLA2023;18/08/2023;18/08/2023;Consumer Discretionary;Cyclical;140,473;INSD;OTHER;100;75735;2023;6;37,175342470;698215,700000;0,140661052;0,239438644;0,152840310;0,153801422;106618,00;Large;Large Cap;recent
TSN;2019-11-12;0,04918795054417397;0,057742368070684023;1,00001838007631e-02;0,014629262868689007;TSN2019;21/01/2019;22/01/2019;Consumer Staples;Defensive;141,000;UNKN;OTHER;99;450;2019;3;23,005479450;22311,360000;0,061093150;0,143587559;0,776310183;0,014623682;33097,00;Small;Large Cap;early
TTI;2017-03-01;-0,23338983950243603;-0,127766244411149976;-1,09878342306373e-01;-0,028128391328597326;TTI2016;16/02/2016;16/02/2016;Energy;Sensitive;2,400;DISC;DISC;12;10;2016;3;12,221917810;563,426500;-0,122734390;-0,691417976;3,001083405;0,022682701;1315,54;Small;Small Cap;early
TYL;2018-02-21;0,08047518624752074;0,033271878664001622;2,82627435403833e-02;0,002402750594884928;TYL2017;13/03/2017;13/03/2017;Information Technology;Sensitive;4,069;DISC;DISC;10;7788;2017;2;38,816438360;5895,061600;0,103136528;0,140472833;0,000000000;0,116964605;1589,59;Large;Large Cap;early
TYL;2022-02-23;-0,05857787368235104;-0,080756592603962146;-3,02016759157322e-02;-0,015831228949491481;TYL2021;18/01/2021;19/01/2021;Information Technology;Sensitive;6,800;HACK;HACK;119;2301;2021;3;22,827397260;17448,150800;0,034119296;0,069473226;0,597311913;0,065333999;4732,16;Large;Large Cap;modern
UAA;2019-02-25;0,03887365015537553;0,002786369676816638;2,97187249248507e-02;0,035963638380133466;UAA2018;29/03/2018;29/03/2018;Consumer Discretionary;Cyclical;15,000;HACK;HACK;37;150000000;2018;5;35,813698630;7325,344060;-0,010907364;-0,022957343;0,361368675;0,131307447;4245,02;Large;Large Cap;early
UBER;2024-02-15;0,09390627588372247;0,052361559239350979;-2,65091216670844e-02;-0,013485112364287372;UBER2023;31/03/2023;31/03/2023;Industrials;Cyclical;30,400;HACK;HACK;67;72000;2023;6;49,890410960;64598,981360;0,048760950;0,167748244;1,044803983;0,120933357;38699,00;Large;Large Cap;recent
UCTT;2021-02-23;0,07367770922825703;0,036347031204423577;2,83378131444682e-05;-0,055682384250847247;UCTT2020;23/10/2020;23/10/2020;Information Technology;Sensitive;4,996;HACK;HACK;81;5449;2020;6;10,394520550;962,626000;0,070385488;0,145700338;0,585429966;0,181678005;1102,50;Large;Small Cap;modern
UMH;2019-03-07;0,03107909408932150;-0,002906532358255436;1,70849903310469e-02;0,012627066067003791;UMH2018;15/03/2018;15/03/2018;Real Estate;Cyclical;0,380;DISC;DISC;29;581;2018;5;13,715068490;488,963200;-0,041202021;-0,266454774;3,230462485;0,008456335;878,99;Small;Small Cap;early
UNM;2023-02-23;-0,00932066537951994;0,047533817983363660;-2,62714297626479e-03;-0,012211119224342811;UNM2022;10/11/2022;10/11/2022;Financials;Cyclical;10,937;PHYS;OTHER;101;822;2022;5;7,134246575;5007,156600;0,021391750;0,142886654;0,391062789;0,001940265;61434,90;Small;Large Cap;modern
UNM;2024-02-20;0,06870791752042235;0,044382838448832729;7,42185718198786e-03;0,006657906037884649;UNM2023;03/08/2023;03/08/2023;Financials;Cyclical;10,812;HACK;HACK;64;650521;2023;5;27,005479450;9515,836120;0,020295565;0,133016972;0,368599374;0,002308111;63255,20;Large;Large Cap;recent
UTI;2011-11-30;-0,08494723006704805;-0,096378279496580982;-3,63069978671477e-03;0,037678366937796866;UTI2011;13/01/2011;13/01/2011;Consumer Discretionary;Cyclical;2,260;PORT;OTHER;56;98;2011;5;20,610958900;491,084100;0,102557731;0,191661682;0,000000000;0,202080674;265,59;Small;Small Cap;early
VBTX;2021-02-26;0,07740400008366083;0,096735117760616482;5,03224115580975e-02;-0,013572597280101959;VBTX2020;28/12/2020;28/12/2020;Financials;Cyclical;0,643;HACK;HACK;270;8;2020;2;16,416438360;1240,850700;0,008375930;0,061396438;0,879460784;0,005026374;8820,87;Small;Small Cap;modern
VCYT;2024-02-29;-0,19294093803541343;-0,152189471074165583;-4,44536430968806e-02;-0,014880209814943063;VCYT2023;03/03/2023;03/03/2023;Health Care;Defensive;0,815;DISC;DISC;35;338;2023;6;7,876712329;1765,686500;-0,066735671;-0,071261237;0,012096519;0,194145515;1114,91;Small;Small Cap;recent
VIR;2022-02-28;-0,45363606700900200;-0,438596298831471831;-9,33460961110143e-02;0,015457690564606153;VIR2021;21/05/2021;21/05/2021;Health Care;Defensive;0,444;HACK;HACK;113;5;2021;6;2,989041096;5921,919150;0,270476721;0,369161832;0,096021298;0,177977125;1954,27;Small;Large Cap;modern
VOXX;2021-05-13;-0,23122642634274188;-0,179019700630190598;5,09980925285297e-02;0,051980887169830341;VOXX2020;28/09/2020;28/09/2020;Consumer Discretionary;Cyclical;0,921;HACK;HACK;116;6034;2020;2;19,761643840;181,613520;0,048594999;0,065177267;0,028934937;0,107846875;550,82;Large;Small Cap;modern
VRA;2017-03-28;0,05434685013242581;-0,062449946087937275;-7,51544274628577e-02;-0,006928402164853853;VRA2016;12/10/2016;12/10/2016;Consumer Discretionary;Cyclical;3,100;HACK;HACK;79;252;2016;4;46,887671230;526,609720;0,052898324;0,069622885;0,000000000;0,231252794;373,51;Small;Small Cap;early
VRE;2024-02-21;-0,02578024812858994;-0,039210621672817927;-2,41965466155711e-02;-0,007685329622073129;VRE2023;28/02/2023;28/02/2023;Real Estate;Cyclical;0,197;HACK;HACK;473;7;2023;3;9,786301370;1516,244760;-0,034489174;-0,098270912;1,636293625;0,008641346;3241,05;Small;Small Cap;recent
VRNT;2019-03-28;0,14284237913292699;0,121670772239330774;-1,31747201283469e-02;-0,002789952826959393;VRNT2018;11/05/2018;11/05/2018;Information Technology;Sensitive;6,100;UNKN;OTHER;287;229;2018;6;33,126027400;2786,452450;0,023017223;0,052825087;0,628540164;0,129044826;2867,03;Small;Small Cap;early
VSH;2021-02-24;0,01120741456151341;0,027999642162415756;-2,03948158051257e-02;0,015544455235535399;VSH2020;11/06/2020;11/06/2020;Information Technology;Sensitive;21,600;UNKN;OTHER;97;1096;2020;5;16,783561640;2408,555700;0,038967840;0,077986188;0,319233100;0,196506358;3154,47;Small;Small Cap;modern
WEC;2024-02-22;0,03721013248793426;0,005293186231971087;-9,58665350540266e-03;-0,027465132517809382;WEC2023;10/08/2023;10/08/2023;Utilities;Defensive;7,000;HACK;HACK;73;17445;2023;5;29,189041100;27531,166800;0,030334754;0,113687928;1,607052080;0,000976338;43939,70;Large;Large Cap;recent
WLDN;2022-03-11;0,06383478093098836;-0,061766669526123467;-5,18116332046154e-02;-0,145020247581825412;WLDN2021;04/06/2021;04/06/2021;Industrials;Cyclical;1,560;HACK;HACK;212;840;2021;6;2,224657534;484,247280;-0,021340088;-0,046964362;0,659710637;0,028449224;394,42;Small;Small Cap;modern
WMK;2023-03-01;-0,01203836695599626;-0,003709089986121784;1,53182715485756e-02;-0,024773969592693897;WMK2022;25/11/2022;25/11/2022;Consumer Staples;Defensive;23,000;CARD;OTHER;116;3093;2022;6;7,400000000;2278,260600;0,063903223;0,096168943;0,142837720;0,080645688;1959,15;Large;Small Cap;modern
WMT;2020-03-20;0,14739864434257691;0,043545968136144059;-7,15478334724975e-02;-0,039762019760075651;WMT2019;17/10/2019;17/10/2019;Consumer Staples;Defensive;2200,000;PORT;OTHER;37;4211;2019;5;38,816438360;338256,314100;0,062923106;0,199292879;0,962353855;0,040021988;236495,00;Large;Large Cap;early
YUM;2024-02-20;0,07428564910377099;0,062789096181364620;1,63023268203813e-02;0,003927879629593475;YUM2023;18/01/2023;18/01/2023;Consumer Discretionary;Cyclical;35,000;HACK;HACK;5;9999;2023;4;38,816438360;36622,730000;0,256299149;-0,203232375;-1,531051158;0,082169796;6231,00;Large;Large Cap;recent
ZEUS;2017-03-02;-0,10233532730663536;-0,230420172897761205;-1,66635779922700e-01;-0,059207949724224974;ZEUS2016;24/03/2016;24/03/2016;Materials;Cyclical;1,660;UNKN;OTHER;6;1705;2016;5;26,764383560;172,996140;-0,001938612;-0,004254312;0,656789929;0,004163160;556,07;Small;Small Cap;early
ZEUS;2020-02-21;-0,13081200012853100;-0,110562272713082194;-5,74500032418569e-02;0,012505172563773103;ZEUS2019;22/05/2019;22/05/2019;Materials;Cyclical;1,860;UNKN;OTHER;28;28;2019;4;38,556164380;159,991800;0,005936372;0,012505189;0,711443415;0,008839898;649,56;Small;Small Cap;early
