ticker;id_2;filing_date;reported_date;report_trading_day;gics_sector;overall_sector;employee;breach_type;breach_type2;d_since_breach;total_affected;year;weekday;year_since_ipo;market_cap_m;roa;roe;debt_to_equity;cash_ratio;total_assets_m
WMT;WMT2019;2020-03-20;17/10/2019;17/10/2019;Consumer Staples;Defensive;2200;PORT;OTHER;37;4211;2019;5;38,81643836;338256,3141;0,062923106;0,199292879;0,962353855;0,040021988;236495
WMT;WMT2024;2025-03-14;05/04/2024;05/04/2024;Consumer Staples;Defensive;2100;HACK;HACK;217;361;2024;6;37,55616438;477428;0,074517968;0,21355191;0,62678958;0,034506159;260823
KELYA;KELYA2012;2013-02-14;09/03/2012;09/03/2012;Industrials;Cyclical;7,1;DISC;DISC;89;7;2012;6;2,917808219;558,372;0,030629088;0,067611336;0,086504723;0,046646696;1635,7
KR;KR2016;2017-03-28;25/05/2016;25/05/2016;Consumer Staples;Defensive;443;HACK;HACK;126;20;2016;4;28,69863014;32820,48;0,054102178;0,294864139;1,888922066;0,008820709;36505
TGT;TGT2013;2014-03-14;19/12/2013;19/12/2013;Consumer Staples;Defensive;366;CARD;OTHER;22;40000000;2013;5;5,701369863;40222,76505;0,044239445;0,121434292;0,844187049;0,015599398;44553
PEP;PEP2022;2023-02-09;07/10/2022;07/10/2022;Consumer Staples;Defensive;315;UNKN;OTHER;590;949;2022;6;9,279452055;224175,6;0,096651372;0,519563823;2,400664762;0,053738597;92187
ACI;ACI2023;2024-04-22;21/04/2023;21/04/2023;Consumer Staples;Defensive;285;HACK;HACK;120;32878;2023;6;31,86027397;12062,44512;0,049425844;0,471701547;5,182675159;0,007196494;26221,1
ARMK;ARMK2024;2024-11-19;19/09/2024;19/09/2024;Consumer Discretionary;Cyclical;266,68;HACK;HACK;28;12;2024;5;27,12054795;10050,8352;0,020712823;0,086385076;1,831747162;0,053058491;12674,37
JPM;JPM2013;2014-02-20;05/12/2013;05/12/2013;Financials;Cyclical;251,196;UNKN;OTHER;143;1292;2013;5;40,96986301;214811,8165;0,007419415;0,089606039;2,67420258;0,016463626;2415689
DLTR;DLTR2020;2021-03-16;11/09/2020;11/09/2020;Consumer Staples;Defensive;199,327;UNKN;OTHER;126;67;2020;6;28,12054795;21062,81575;0,064838616;0,184192827;1,32319877;0,068452841;20696
AAPL;AAPL2022;2022-10-28;28/02/2022;28/02/2022;Information Technology;Sensitive;164;INSD;OTHER;91;12;2022;2;8,873972603;2628273,611;0,282924409;1,969588728;2,417469214;0,06703236;352755
TSN;TSN2019;2019-11-12;21/01/2019;22/01/2019;Consumer Staples;Defensive;141;UNKN;OTHER;99;450;2019;3;23,00547945;22311,36;0,06109315;0,143587559;0,776310183;0,014623682;33097
T;T2024;2025-02-12;09/04/2024;09/04/2024;Communication Services;Sensitive;140,99;DISC;DISC;14;51226382;2024;3;42,02739726;123784,1888;0,027730848;0,104894033;1,384049362;0,008353703;394795
TSLA;TSLA2023;2024-01-29;18/08/2023;18/08/2023;Consumer Discretionary;Cyclical;140,473;INSD;OTHER;100;75735;2023;6;37,17534247;698215,7;0,140661052;0,239438644;0,15284031;0,153801422;106618
CMG;CMG2024;2025-02-05;24/05/2024;24/05/2024;Consumer Discretionary;Cyclical;130,504;HACK;HACK;312;678;2024;6;19,44657534;4264141,088;0,166671845;0,419666447;1,242117593;0,081324053;9204,37
M;M2018;2019-04-03;03/07/2018;03/07/2018;Consumer Discretionary;Cyclical;130;HACK;HACK;68;162507;2018;3;24,1890411;11236,7808;0,057726373;0,172156619;0,738191423;0,060539752;19194
AZO;AZO2023;2024-10-28;21/11/2023;21/11/2023;Consumer Discretionary;Cyclical;126;HACK;HACK;177;184995;2023;3;21,38630137;44841,2055;0,155003703;-0,5605565;-2,663553501;0,017359261;17176,54
BBY;BBY2018;2019-03-28;05/04/2018;05/04/2018;Consumer Discretionary;Cyclical;125;HACK;HACK;191;18804;2018;5;10,1890411;19359,12058;0,113479575;0,442831216;0,41984271;0,153476475;12901
M;M2019;2020-03-30;14/11/2019;14/11/2019;Consumer Discretionary;Cyclical;123;HACK;HACK;38;135152;2019;5;26,30410959;4966,12817;0,026638957;0,088442841;1,162145209;0,032354053;21172
ABT;ABT2019;2020-02-21;06/02/2019;06/02/2019;Health Care;Defensive;107;PORT;OTHER;18;16600;2019;4;33,43835616;128856,5943;0,05431084;0,118598816;0,607887288;0,056859192;67887
VZ;VZ2024;2025-02-12;05/02/2024;05/02/2024;Communication Services;Sensitive;99,6;INSD;OTHER;137;63206;2024;2;26,31506849;177353,8605;0,045504288;0,176405978;1,696514405;0,01090169;384711
HON;HON2021;2022-02-11;30/04/2021;30/04/2021;Industrials;Cyclical;99;HACK;HACK;73;3567;2021;6;4,506849315;153326,72;0,085962463;0,298454413;0,92029727;0,16998604;64470
CAT;CAT2020;2021-02-17;10/09/2020;10/09/2020;Industrials;Cyclical;97,3;UNKN;OTHER;43;1160;2020;5;29,51232877;83262,46776;0,038276901;0,195551497;2,333050682;0,119401461;78324
HUM;HUM2021;2022-02-17;12/11/2021;12/11/2021;Health Care;Defensive;95,5;HACK;HACK;79;1965;2021;6;22,30958904;49125,0828;0,066121106;0,182400498;0,822450249;0,076513819;44358
HON;HON2023;2024-02-16;16/06/2023;16/06/2023;Industrials;Cyclical;95;HACK;HACK;20;118379;2023;6;3,950684932;132791,214;0,091962617;0,356836529;1,226728052;0,128809427;61525
BLMN;BLMN2019;2020-02-26;17/10/2019;17/10/2019;Consumer Discretionary;Cyclical;94;UNKN;OTHER;77;499;2019;5;28,20821918;1584,59085;0,036344147;0,766534384;14,67413204;0,018689375;3592,68
DAL;DAL2018;2019-02-15;05/04/2018;05/04/2018;Industrials;Cyclical;88,68;HACK;HACK;191;825000;2018;5;42,60821918;36621,78384;0,065293864;0,287499087;1,207496164;0,025968208;60266
MGM;MGM2023;2024-02-23;05/10/2023;05/10/2023;Consumer Discretionary;Cyclical;76;HACK;HACK;24;811740;2023;5;43,23287671;11481,498;0,027008431;0,300251104;8,302127431;0,069103926;42368,55
DVA;DVA2024;2025-02-13;03/07/2024;03/07/2024;Health Care;Defensive;76;DISC;DISC;2417;67443;2024;4;40,02739726;11150,2092;0,054169944;7,730569178;99,62546854;0,045989047;17285,27
TMUS;TMUS2021;2022-02-11;09/02/2021;09/02/2021;Communication Services;Sensitive;75;HACK;HACK;22;421;2021;3;11,67123288;157525,8854;0,014639601;0,043761396;1,574730109;0,032101586;206563
ABT;ABT2016;2017-02-17;19/07/2016;19/07/2016;Health Care;Defensive;75;UNKN;OTHER;27;1;2016;3;38,90136986;61993,05621;0,026582615;0,068166326;1,007108774;0,353548779;52666
MS;MS2021;2022-02-24;02/07/2021;02/07/2021;Financials;Cyclical;74,814;HACK;HACK;163;33443;2021;6;27,87123288;163080,3285;0,012653391;0,153893399;3,075738809;0,107499958;1188140
LUV;LUV2023;2024-02-06;23/06/2023;23/06/2023;Industrials;Cyclical;74,806;HACK;HACK;54;3009;2023;6;21,75616438;20448,46564;0,012744265;0,044222539;0,874940561;0,254556417;36487
CMI;CMI2022;2023-02-14;19/08/2022;19/08/2022;Industrials;Cyclical;73,6;UNKN;OTHER;114;22;2022;6;43,81917808;32527,26;0,070992442;0,239665738;0,620724234;0,069342223;30299
CMG;CMG2018;2019-02-08;22/08/2018;22/08/2018;Consumer Discretionary;Cyclical;73;UNKN;OTHER;32;33;2018;4;18,94246575;14371,9733;0,077930522;0,122492349;0;0,110329293;2265,52
JWN;JWN2018;2019-03-18;07/11/2018;07/11/2018;Consumer Discretionary;Cyclical;71;DISC;DISC;29;107106;2018;4;44,02465753;10631,696;0,071519148;0,64604811;3,075601375;0,121354299;7886
TMO;TMO2018;2019-02-27;30/03/2018;02/04/2018;Health Care;Defensive;70;HACK;HACK;168;2900;2018;2;26,34520548;83022,10812;0,05224783;0,106503299;0,663271225;0,037398634;56232
MS;MS2020;2021-02-26;10/07/2020;10/07/2020;Financials;Cyclical;68,097;DISC;DISC;1592;14256250;2020;6;1,290410959;85975,23624;0,009854265;0,11883585;2,950286931;0,094683751;1115862
HUM;HUM2023;2024-02-15;15/12/2023;15/12/2023;Health Care;Defensive;67,6;HACK;HACK;199;49999;2023;6;16,32876712;57329,1672;0,052884309;0,153056205;0,753228385;0,09973441;47065
HUM;HUM2022;2023-02-16;08/09/2022;08/09/2022;Health Care;Defensive;67,1;HACK;HACK;124;999;2022;5;22,54520548;60196,70825;0,065172454;0,183266932;0,766377114;0,117547323;43055
CSCO;CSCO2012;2012-09-12;09/04/2012;09/04/2012;Information Technology;Sensitive;66,639;PORT;OTHER;14;4;2012;2;24,31506849;107125,56;0,087631731;0,156787427;0,317767032;0,106790615;91759
CNDT;CNDT2020;2021-02-24;25/11/2020;25/11/2020;Industrials;Cyclical;63;INSD;OTHER;202;22;2020;4;30,59452055;947,97078;-0,027725564;-0,099159664;1,51092437;0,105733083;4256
LUV;LUV2018;2019-02-05;20/04/2018;20/04/2018;Industrials;Cyclical;58,803;HACK;HACK;201;36485;2018;6;7,263013699;30282,6444;0,09392981;0,250177611;0,342738252;0,070647411;26243
DKS;DKS2024;2025-03-27;29/08/2024;29/08/2024;Consumer Discretionary;Cyclical;56,1;HACK;HACK;8;72012;2024;5;42,02739726;18851,6431;0,11142003;0,364356413;1,403186229;0,161582316;10458,69
FNF;FNF2016;2017-02-27;29/07/2016;29/07/2016;Financials;Cyclical;55,219;DISC;DISC;7;1;2016;6;33,77260274;10281,18285;0,044942266;0,108405604;0,457971981;0,091474798;14463
MMC;MMC2013;2014-02-27;26/11/2013;26/11/2013;Financials;Cyclical;55;HACK;HACK;178;86;2013;3;8,389041096;26069,5168;0,07991755;0,171663504;0,373814042;0,135630153;16980
COF;COF2024;2025-02-20;06/11/2024;06/11/2024;Financials;Cyclical;52,6;UNKN;OTHER;194;3050;2024;4;36,17534247;63303,2415;0,00969103;0,084913924;0,836911636;0,006177776;490144
FIS;FIS2023;2024-02-26;21/06/2023;21/06/2023;Financials;Cyclical;52;HACK;HACK;21;49000;2023;4;62,03561644;31860,95;-0,120751293;-0,348504688;0,763683025;0,007984756;55105
CZR;CZR2023;2024-02-20;06/10/2023;06/10/2023;Consumer Discretionary;Cyclical;51;HACK;HACK;48;384087;2023;6;4,421917808;9426,18768;0,023556914;0,172671353;5,667618629;0,030120482;33366
HBI;HBI2022;2023-02-08;16/08/2022;16/08/2022;Consumer Discretionary;Cyclical;51;HACK;HACK;84;75106;2022;3;6,523287671;3661,10441;-0,019558183;-0,319396179;10,27211849;0,036657064;6503,88
SWK;SWK2013;2014-02-21;15/04/2013;15/04/2013;Industrials;Cyclical;50,7;PORT;OTHER;77;7;2013;2;37,02465753;12320,15596;0,029652073;0,072111425;0,560257089;0,03000889;16535,1
AON;AON2022;2023-02-17;26/05/2022;26/05/2022;Financials;Cyclical;50;HACK;HACK;513;129682;2022;5;6,720547945;54480,296;0,079164628;-4,894139887;-22,07372401;0,021098337;32704
CZR;CZR2022;2023-02-22;02/12/2022;02/12/2022;Consumer Discretionary;Cyclical;49;HACK;HACK;162;112;2022;6;3,679452055;11128,59648;-0,026814209;-0,242122273;7,039321304;0,030960122;33527
HUM;HUM2020;2021-02-18;20/08/2020;20/08/2020;Health Care;Defensive;48,7;HACK;HACK;25;564;2020;5;28,87123288;53863,898;0,096285281;0,245265152;0,52039627;0,133632646;34969
COR;COR2024;2024-11-26;15/05/2024;15/05/2024;Health Care;Defensive;46;HACK;HACK;84;220541;2024;4;28,17808219;43265,87136;0,022490052;2,3363233;8,70489273;0,046685099;67101,67
HUM;HUM2019;2020-02-20;03/06/2019;03/06/2019;Health Care;Defensive;46;DISC;DISC;80;863;2019;2;39,81643836;38324,98155;0,093107244;0,224889923;0,507933871;0,139437298;29074
H;H2017;2018-02-15;12/10/2017;12/10/2017;Consumer Discretionary;Cyclical;45;UNKN;OTHER;208;19;2017;5;38,81643836;7342,56435;0,032455683;0,070638298;0,411631206;0,065563087;7672
AJG;AJG2022;2023-02-10;13/12/2022;13/12/2022;Financials;Cyclical;43,64;HACK;HACK;213;14;2022;3;11,88767123;41056,21836;0,028636931;0,121855724;0,684150663;0,008797722;38907,8
R;R2021;2022-02-17;08/06/2021;08/06/2021;Industrials;Cyclical;42,8;HACK;HACK;176;3563;2021;3;28,97534247;4312,26413;0,037518352;0,185507869;2,478773357;0,016911633;13834,32
HUM;HUM2018;2019-02-21;04/06/2018;04/06/2018;Health Care;Defensive;41,6;HACK;HACK;138;6836;2018;2;1,797260274;39271,04856;0,066225947;0,165633304;0,597283732;0,092196907;25413
RSG;RSG2022;2023-02-23;03/06/2022;03/06/2022;Industrials;Cyclical;40;UNKN;OTHER;55;1;2022;6;4,64109589;42796,779;0,05120315;0,15358249;1,247305389;0,004935824;29052,9
R;R2019;2020-02-27;28/05/2019;28/05/2019;Industrials;Cyclical;39,9;HACK;HACK;68;729;2019;3;23,51780822;2867,95474;-0,001686317;-0,009857409;3,11865558;0,005083406;14475,33
MMS;MMS2023;2023-11-16;28/07/2023;28/07/2023;Industrials;Cyclical;39,6;HACK;HACK;62;9179226;2023;6;23,84109589;5075,64358;0,040592133;0,097007198;0,856926495;0,016409516;3985,8
MMS;MMS2022;2023-11-16;01/11/2022;01/11/2022;Industrials;Cyclical;39,6;DISC;DISC;64;57;2022;3;23,84109589;5075,64358;0,040592133;0,097007198;0,856926495;0,016409516;3985,8
AJG;AJG2021;2022-02-18;30/07/2021;30/07/2021;Financials;Cyclical;39,174;HACK;HACK;422;813120;2021;6;8,731506849;29081,41754;0,027194482;0,10657703;0,757745287;0,012073774;33345
MMS;MMS2021;2021-11-18;18/06/2021;18/06/2021;Industrials;Cyclical;35,8;HACK;HACK;32;334690;2021;6;2,884931507;5577,71862;0,070697372;0,196713028;1,153486826;0,032790033;4118,97
YUM;YUM2023;2024-02-20;18/01/2023;18/01/2023;Consumer Discretionary;Cyclical;35;HACK;HACK;5;9999;2023;4;38,81643836;36622,73;0,256299149;-0,203232375;-1,531051158;0,082169796;6231
RSG;RSG2021;2022-02-11;20/09/2021;20/09/2021;Industrials;Cyclical;35;HACK;HACK;961;6441;2021;2;23,73424658;39155,168;0,051709076;0,143714709;1,09496709;0,001162092;24955
GIS;GIS2023;2023-06-28;12/01/2023;12/01/2023;Consumer Staples;Defensive;34;HACK;HACK;55;49000;2023;5;33,8109589;49245,07;0,08247249;0,248229597;1,151536901;0,018615846;31451,7
MTZ;MTZ2023;2024-03-01;20/11/2023;20/11/2023;Industrials;Cyclical;34;HACK;HACK;177;22009;2023;2;35,55342466;4231,1736;-0,00532874;-0,018457574;1,29184983;0,05649548;9373,51
AJG;AJG2019;2020-02-07;26/11/2019;26/11/2019;Financials;Cyclical;33,247;DISC;DISC;256;4637;2019;3;27,16164384;17282,76814;0,034061972;0,129725536;0,943342062;0,030802453;19634,8
MODG;MODG2023;2024-02-29;07/08/2023;07/08/2023;Consumer Discretionary;Cyclical;32;HACK;HACK;6;14048;2023;2;60,03561644;3528,877;0,010415981;0,0244959;1,11507916;0,043144091;9120,6
UBER;UBER2023;2024-02-15;31/03/2023;31/03/2023;Industrials;Cyclical;30,4;HACK;HACK;67;72000;2023;6;49,89041096;64598,98136;0,04876095;0,167748244;1,044803983;0,120933357;38699
CAR;CAR2015;2016-02-24;04/11/2015;04/11/2015;Industrials;Cyclical;30;DISC;DISC;33;90;2015;4;4,55890411;4533,03;0,017749802;0,712984055;28,06605923;0,040263128;17634
SBH;SBH2015;2015-11-12;28/05/2015;28/05/2015;Consumer Discretionary;Cyclical;28,33;HACK;HACK;83;3637798;2015;5;7,284931507;4854,0366;0,112248138;-0,789356694;-6,002242958;0,066864628;2094,35
AMGN;AMGN2024;2025-02-14;25/09/2024;25/09/2024;Health Care;Defensive;28;HACK;HACK;406;265;2024;4;19,44657534;177670,948;0,044534457;0,695933299;10,35885656;0,130369451;91839
PCAR;PCAR2018;2019-02-21;14/02/2018;14/02/2018;Industrials;Cyclical;28;UNKN;OTHER;23;251;2018;4;43,90410959;23617,324;0,086141808;0,255455085;0,778980321;0,134834239;25482,4
FCX;FCX2023;2024-02-16;08/09/2023;08/09/2023;Materials;Cyclical;27,2;HACK;HACK;31;168;2023;6;13,51506849;57055,6;0,035195978;0,110705086;0,590247409;0,090618215;52506
HSIC;HSIC2023;2024-02-28;15/10/2023;16/10/2023;Health Care;Defensive;25;HACK;HACK;18;166432;2023;2;6,821917808;9480,3408;0,039345503;0,113816689;0,677701778;0,016173272;10573
FNF;FNF2017;2018-02-23;04/05/2017;04/05/2017;Financials;Cyclical;24,367;HACK;HACK;113;236;2017;5;47,46575342;11152,91648;0,072341821;0,148864403;0,170676861;0,121298219;9151
AMGN;AMGN2021;2022-02-16;22/06/2021;22/06/2021;Health Care;Defensive;24,2;HACK;HACK;62;1357;2021;3;28,00547945;134125,992;0,096345949;0,879552239;5,071492537;0,130613913;61165
AN;AN2014;2015-02-11;26/05/2014;27/05/2014;Consumer Discretionary;Cyclical;24;UNKN;OTHER;82;1499;2014;3;30,14520548;6388,58694;0,049847018;0,202065537;1,027170503;0,008976511;8399,7
WMK;WMK2022;2023-03-01;25/11/2022;25/11/2022;Consumer Staples;Defensive;23;CARD;OTHER;116;3093;2022;6;7,4;2278,2606;0,063903223;0,096168943;0,14283772;0,080645688;1959,15
VSH;VSH2020;2021-02-24;11/06/2020;11/06/2020;Information Technology;Sensitive;21,6;UNKN;OTHER;97;1096;2020;5;16,78356164;2408,5557;0,03896784;0,077986188;0,3192331;0,196506358;3154,47
COMM;COMM2023;2024-02-29;12/05/2023;12/05/2023;Information Technology;Sensitive;20;HACK;HACK;47;5485;2023;6;40,23287671;899,34216;-0,154813858;0,48871598;-3,184788467;0,053350975;9371,9
MOH;MOH2017;2018-03-01;21/12/2017;21/12/2017;Health Care;Defensive;20;DISC;DISC;69;1380;2017;5;42,81917808;4704;-0,060441506;-0,382946896;1,622288706;0,376106717;8471
CPS;CPS2023;2024-02-16;21/04/2023;21/04/2023;Consumer Discretionary;Cyclical;20;UNKN;OTHER;136;306;2023;6;39,56438356;192,6064;-0,107880739;2,484440344;-14,64338253;0,082679636;1872,3
COTY;COTY2018;2019-08-28;03/07/2018;03/07/2018;Consumer Staples;Defensive;19;HACK;HACK;172;4753;2018;3;37,81643836;10460,754;-0,214215359;-0,825019622;1,669900584;0,019269306;17665,4
LEVI;LEVI2024;2025-01-29;20/06/2024;20/06/2024;Consumer Discretionary;Cyclical;18,7;HACK;HACK;7;72231;2024;5;37,55616438;9307,62184;0,033032703;0,106876427;1,120426288;0,108226806;6375,5
CVNA;CVNA2024;2025-02-19;12/09/2024;12/09/2024;Consumer Discretionary;Cyclical;17,4;HACK;HACK;69;1799;2024;5;39,02191781;17797,00934;0,024752475;0,166666667;4,798412698;0,202263083;8484
SYF;SYF2018;2019-02-15;03/12/2018;03/12/2018;Financials;Cyclical;16,5;UNKN;OTHER;340;28732;2018;2;3,663013699;18673,35882;0,026125552;0,190080392;1,634827633;0,087984119;106792
EXPE;EXPE2022;2023-02-10;02/03/2022;02/03/2022;Consumer Discretionary;Cyclical;16,5;HACK;HACK;343;1770;2022;4;25,58630137;28793,648;0,016325773;0,154183092;2,903635567;0,189972636;21561
COLD;COLD2021;2022-03-01;04/03/2021;04/03/2021;Real Estate;Cyclical;16,275;HACK;HACK;126;141351;2021;5;4,504109589;9191,37558;-0,003706703;-0,007573973;0,850865219;0,010096885;8216,2
AMED;AMED2015;2016-03-10;01/03/2015;02/03/2015;Health Care;Defensive;16,1;PORT;OTHER;6;6909;2015;2;-6,243835616;1013,92319;-0,004409672;-0,007376065;0,2441597;0,040143924;685,09
REGN;REGN2024;2025-02-05;22/05/2024;22/05/2024;Health Care;Defensive;15,106;HACK;HACK;91;6367;2024;4;38,02465753;108936,92;0,116860967;0,150325684;0,100117192;0,065896174;37759,4
UAA;UAA2018;2019-02-25;29/03/2018;29/03/2018;Consumer Discretionary;Cyclical;15;HACK;HACK;37;150000000;2018;5;35,81369863;7325,34406;-0,010907364;-0,022957343;0,361368675;0,131307447;4245,02
CLH;CLH2020;2021-02-24;15/12/2020;15/12/2020;Industrials;Cyclical;14;HACK;HACK;110;772;2020;3;14,50958904;3949,1333;0,032636173;0,100508292;1,318669212;0,125644073;4131,52
FIVE;FIVE2018;2019-03-28;05/10/2018;05/10/2018;Consumer Discretionary;Cyclical;13,9;HACK;HACK;52;3234;2018;6;25,92328767;6681,04338;0,157146548;0,243288018;0;0,264367864;952,26
MDU;MDU2019;2020-02-21;22/07/2019;22/07/2019;Utilities;Defensive;13,359;STAT;OTHER;90;3;2019;2;38,46575342;5252,06464;0,043661385;0,117816655;0,828348868;0,00865007;7683,06
FYBR;FYBR2024;2025-02-20;06/06/2024;06/06/2024;Communication Services;Sensitive;13,025;HACK;HACK;54;751895;2024;5;36,17534247;6594,44495;-0,015620452;-0,065168994;2,435539365;0,036383041;20614
SNA;SNA2022;2023-02-09;07/04/2022;07/04/2022;Industrials;Cyclical;12,9;HACK;HACK;37;41052;2022;5;41,81917808;10991,23211;0,130750918;0,203445429;0,279338585;0,108593391;6972,8
ARW;ARW2010;2011-02-02;03/03/2010;03/03/2010;Information Technology;Sensitive;12,7;PORT;OTHER;13;4044;2010;4;21,38630137;3314,44477;0,049958659;0,147524218;0,541709433;0,096486364;9600,54
GES;GES2021;2022-03-24;09/07/2021;09/07/2021;Consumer Discretionary;Cyclical;12,5;HACK;HACK;157;1304;2021;6;7,147945205;1495,32345;0,067053186;0,275212075;1,852087342;0,162607782;2555,63
AYI;AYI2022;2023-10-26;06/12/2022;06/12/2022;Industrials;Cyclical;12,2;HACK;HACK;791;37137;2022;3;24,77260274;5623,28439;0,101510929;0,171678079;0,2931428;0,116737568;3408,5
CR;CR2016;2017-02-28;08/06/2016;08/06/2016;Industrials;Cyclical;11;DISC;DISC;1;15;2016;4;0,906849315;3520,2105;0,035822637;0,108308344;0,657346975;0,148687281;3428
UNM;UNM2022;2023-02-23;10/11/2022;10/11/2022;Financials;Cyclical;10,937;PHYS;OTHER;101;822;2022;5;7,134246575;5007,1566;0,02139175;0,142886654;0,391062789;0,001940265;61434,9
EFX;EFX2018;2019-02-21;01/03/2018;01/03/2018;Industrials;Cyclical;10,9;HACK;HACK;42;2400000;2018;5;25,20547945;13627,8;0,041911312;0,096466954;0,848027544;0,031258737;7153,2
UNM;UNM2023;2024-02-20;03/08/2023;03/08/2023;Financials;Cyclical;10,812;HACK;HACK;64;650521;2023;5;27,00547945;9515,83612;0,020295565;0,133016972;0,368599374;0,002308111;63255,2
ROL;ROL2013;2014-02-26;27/03/2013;27/03/2013;Industrials;Cyclical;10,649;DISC;DISC;15;25;2013;4;49,89041096;3569,29208;0,166838696;0,281411507;0;0,159920565;739,22
OII;OII2024;2025-02-24;01/03/2024;01/03/2024;Energy;Sensitive;10,4;DISC;DISC;60;1776;2024;6;52,47123288;1989,06136;0,063119049;0,206462922;1,192493199;0,212946108;2336,35
EFX;EFX2017;2018-03-01;07/09/2017;07/09/2017;Industrials;Cyclical;10,3;HACK;HACK;114;145500000;2017;5;10,78082192;16980,939;0,0811928;0,185011341;0,674678679;0,046506484;7233,4
FOSL;FOSL2019;2020-02-27;18/07/2019;18/07/2019;Consumer Discretionary;Cyclical;10,2;HACK;HACK;65;1393;2019;5;41,56986301;557,19148;-0,032631617;-0,104094193;1,117874025;0,124767251;1604,73
MKSI;MKSI2023;2024-02-27;15/02/2023;15/02/2023;Information Technology;Sensitive;10,2;HACK;HACK;2;1064;2023;4;42,02465753;6665,247;-0,201908313;-0,7447411;2,03236246;0,095964027;9118
CAL;CAL2023;2024-04-02;01/09/2023;01/09/2023;Consumer Discretionary;Cyclical;9,2;HACK;HACK;56;13926;2023;6;14,71232877;1017,4983;0,094966826;0,305710886;1,333962981;0,011834352;1804,75
ABG;ABG2019;2020-03-02;26/07/2019;26/07/2019;Consumer Discretionary;Cyclical;8,5;UNKN;OTHER;73;197;2019;6;15,12054795;1730,5728;0,063339402;0,285316417;1,561194492;0,001202212;2911,3
GDEN;GDEN2019;2020-03-13;07/11/2019;07/11/2019;Consumer Discretionary;Cyclical;8;HACK;HACK;161;5815;2019;5;10,17534247;427,38507;-0,02271504;-0,13648255;4,683634519;0,064148951;1740,92
EFX;EFX2015;2016-02-24;02/04/2015;02/04/2015;Industrials;Cyclical;8;DISC;DISC;18;1382;2015;5;2,405479452;11037,913;0,095165225;0,185685231;0,496776148;0,020691949;4509
BDC;BDC2023;2024-02-13;13/02/2023;13/02/2023;Information Technology;Sensitive;8;UNKN;OTHER;62;376;2023;2;41,02739726;3652,48887;0,074921201;0,208152234;1,118262098;0,184261977;3240,19
TROW;TROW2023;2024-02-16;02/06/2023;02/06/2023;Financials;Cyclical;7,906;HACK;HACK;87;684;2023;6;18,71780822;24270,40044;0,145673844;0,188183186;0,041861737;0,174593608;12278,8
BDC;BDC2021;2022-02-15;02/04/2021;05/04/2021;Information Technology;Sensitive;7,5;HACK;HACK;0;9840;2021;2;40,81917808;2008,5835;0,018704225;0,066917063;1,617880281;0,188360983;3417,68
MATV;MATV2022;2023-03-01;03/10/2022;03/10/2022;Materials;Cyclical;7,5;HACK;HACK;104;9268;2022;2;33,81369863;1212,8544;-0,001798757;-0,00559654;1,485118291;0,033903848;3669,2
EFX;EFX2014;2015-02-25;05/03/2014;05/03/2014;Industrials;Cyclical;7,5;HACK;HACK;33;14;2014;4;38,95890411;8437,998;0,078601686;0,166992409;0,521067224;0,027448547;4674,2
MYRG;MYRG2020;2021-03-03;09/09/2020;09/09/2020;Industrials;Cyclical;7,2;UNKN;OTHER;127;844;2020;4;32,31780822;603,09336;0,059003333;0,136875478;0,121317158;0,022762259;995,86
WEC;WEC2023;2024-02-22;10/08/2023;10/08/2023;Utilities;Defensive;7;HACK;HACK;73;17445;2023;5;29,1890411;27531,1668;0,030334754;0,113687928;1,60705208;0,000976338;43939,7
TYL;TYL2021;2022-02-23;18/01/2021;19/01/2021;Information Technology;Sensitive;6,8;HACK;HACK;119;2301;2021;3;22,82739726;17448,1508;0,034119296;0,069473226;0,597311913;0,065333999;4732,16
CBZ;CBZ2023;2024-02-23;01/09/2023;01/09/2023;Industrials;Cyclical;6,7;HACK;HACK;95;37601;2023;6;18,32054795;2795,06354;0,059193812;0,152811078;0,696060474;0,003958716;2043,59
GDEN;GDEN2021;2022-03-01;24/09/2021;24/09/2021;Consumer Discretionary;Cyclical;6,3;HACK;HACK;243;21912;2021;6;2,44109589;1408,6338;0,100135928;0,50627619;3,77658892;0,136509603;1615,56
BDC;BDC2020;2021-02-16;14/12/2020;14/12/2020;Information Technology;Sensitive;6,2;HACK;HACK;32;5364;2020;2;16,61917808;1887,95247;-0,017569004;-0,073492401;2,178264571;0,159884245;3139,73
VRNT;VRNT2018;2019-03-28;11/05/2018;11/05/2018;Information Technology;Sensitive;6,1;UNKN;OTHER;287;229;2018;6;33,1260274;2786,45245;0,023017223;0,052825087;0,628540164;0,129044826;2867,03
OKTA;OKTA2023;2024-03-01;01/11/2023;01/11/2023;Information Technology;Sensitive;5,908;HACK;HACK;39;4961;2023;4;6,539726027;11265,96366;-0,039492713;-0,06029212;0,220278533;0,037156525;8989
HAS;HAS2018;2019-02-26;25/06/2018;25/06/2018;Consumer Discretionary;Cyclical;5,8;HACK;HACK;283;2039;2018;2;11,12876712;11563,50672;0,041883812;0,125640216;0,96614735;0,224657742;5262,99
CRBG;CRBG2023;2024-02-15;27/07/2023;27/07/2023;Financials;Cyclical;5,7;HACK;HACK;59;6500000;2023;5;10,51232877;11979,46528;0,002910855;0,093829679;1,011218766;0,001613626;379270
AIR;AIR2019;2020-07-21;06/08/2019;06/08/2019;Industrials;Cyclical;5,4;HACK;HACK;149;4431;2019;3;33,88219178;1384,92762;0,002116402;0,004874806;0,758475515;0,194660895;2079
PSA;PSA2013;2014-02-26;25/09/2013;25/09/2013;Real Estate;Cyclical;5,2;DISC;DISC;21;745;2013;4;6,049315068;27564,89472;0,106563857;0,201263475;0,160454407;0,001940916;9876,27
CRBG;CRBG2024;2025-02-13;13/02/2024;13/02/2024;Financials;Cyclical;5,2;UNKN;OTHER;17;2;2024;3;13,1260274;13340,8836;0,005726803;0,194555924;1,088117257;0,002069867;389397
THG;THG2012;2013-02-26;06/03/2012;06/03/2012;Financials;Cyclical;5,1;PORT;OTHER;66;1;2012;3;21,00273973;1790,163;0,004145377;0,021538106;0,327271326;0,041883885;13484,9
UCTT;UCTT2020;2021-02-23;23/10/2020;23/10/2020;Information Technology;Sensitive;4,996;HACK;HACK;81;5449;2020;6;10,39452055;962,626;0,070385488;0,145700338;0,585429966;0,181678005;1102,5
SITE;SITE2020;2021-03-03;30/10/2020;30/10/2020;Industrials;Cyclical;4,9;HACK;HACK;120;15390;2020;6;13,6109589;5511,40713;0,07153388;0,152578616;0,714465409;0,032552928;1695,7
CTRN;CTRN2023;2024-04-18;22/06/2023;22/06/2023;Consumer Discretionary;Cyclical;4,8;HACK;HACK;161;5307;2023;5;6,232876712;151,52372;-0,023093339;-0,075957795;1,487907879;0,153658711;518,72
MYRG;MYRG2016;2017-03-09;16/05/2016;16/05/2016;Industrials;Cyclical;4,6;HACK;HACK;32;6878;2016;2;19,44383562;382,84552;0,037369114;0,081432816;0,24313952;0,041580136;573,5
MRTN;MRTN2022;2023-02-28;25/03/2022;25/03/2022;Industrials;Cyclical;4,575;HACK;HACK;176;35294;2022;6;2,750684932;1538,75155;0,114276069;0,156770878;0,001008639;0,083464588;965,68
SPLP;SPLP2020;2021-04-13;29/06/2020;29/06/2020;Industrials;Cyclical;4,3;HACK;HACK;72;23969;2020;2;25,49863014;127,44076;0,018471789;0,135927505;4,876835746;0,034513206;3934,38
CPRT;CPRT2015;2015-09-25;27/05/2015;27/05/2015;Industrials;Cyclical;4,267;HACK;HACK;57;4676;2015;4;30,12054795;4241,5068;0,122104923;0,227880978;0,669600939;0,253346756;1799,95
LDI;LDI2023;2024-03-15;24/04/2023;24/04/2023;Financials;Cyclical;4,25;HACK;HACK;264;1364;2023;2;11,69315068;315,03396;-0,017906217;-0,311981645;6,580565942;0,107413729;6151,05
MRTN;MRTN2023;2024-02-28;15/05/2023;15/05/2023;Industrials;Cyclical;4,213;HACK;HACK;118;13;2023;2;40,88493151;1682,34528;0,071059506;0,092915634;0,000682611;0,053732106;990,34
ANSS;ANSS2019;2020-02-27;26/07/2019;26/07/2019;Information Technology;Sensitive;4,1;HACK;HACK;72;99;2019;6;17,45753425;18281,91816;0,093264216;0,130682152;0,176192072;0,180226155;4838,89
TYL;TYL2017;2018-02-21;13/03/2017;13/03/2017;Information Technology;Sensitive;4,069;DISC;DISC;10;7788;2017;2;38,81643836;5895,0616;0,103136528;0,140472833;0;0,116964605;1589,59
HZO;HZO2024;2024-11-14;16/07/2024;16/07/2024;Consumer Discretionary;Cyclical;4,05;HACK;HACK;128;123494;2024;3;33,13972603;791,97072;0,014612287;0,039010243;0,53695602;0,08611138;2605,07
PLUG;PLUG2023;2024-02-29;15/12/2023;15/12/2023;Industrials;Cyclical;3,868;HACK;HACK;277;8323;2023;6;49,20273973;2903,39144;-0,279197665;-0,472316757;0,334302351;0,027542365;4902,74
TILE;TILE2023;2024-02-28;11/08/2023;11/08/2023;Industrials;Cyclical;3,619;HACK;HACK;300;14776;2023;6;16,72328767;596,81024;0,036189888;0,104513003;1,210129429;0,089828834;1230,1
MTX;MTX2020;2021-02-19;24/11/2020;24/11/2020;Materials;Cyclical;3,566;HACK;HACK;35;1200;2020;3;6,317808219;2066,802;0,035022123;0,07694414;0,681202081;0,114569702;3209,4
GEN;GEN2023;2024-05-16;12/05/2023;12/05/2023;Information Technology;Sensitive;3,4;UNKN;OTHER;26;6;2023;6;37,15616438;10690,68;0,039056556;0,28038234;3,939462904;0,053639361;15772
CNO;CNO2021;2022-02-24;21/07/2021;21/07/2021;Financials;Cyclical;3,35;HACK;HACK;232;562;2021;4;36,29041096;2734,96544;0,01218084;0,083845086;0,770633306;0,017459204;36204,4
ROKU;ROKU2024;2025-02-14;12/04/2024;12/04/2024;Communication Services;Sensitive;3,34;HACK;HACK;106;15363;2024;6;38,02465753;9039,1245;-0,030062271;-0,051905195;0,237460671;0,501921382;4303,93
HQY;HQY2024;2025-03-18;26/07/2024;26/07/2024;Health Care;Defensive;3,12;HACK;HACK;139;4300000;2024;6;39,02191781;6902,11136;0,028041641;0,045724383;0,52414546;0,085818097;3448,55
VRA;VRA2016;2017-03-28;12/10/2016;12/10/2016;Consumer Discretionary;Cyclical;3,1;HACK;HACK;79;252;2016;4;46,88767123;526,60972;0,052898324;0,069622885;0;0,231252794;373,51
BLKB;BLKB2020;2021-02-23;14/09/2020;14/09/2020;Information Technology;Sensitive;3,1;HACK;HACK;220;8;2020;2;39,02739726;2796,6625;0,003774085;0,018108647;1,308809105;0,017483937;2044,73
BLKB;BLKB2023;2024-02-21;07/07/2023;07/07/2023;Information Technology;Sensitive;3;HACK;HACK;115;10;2023;6;12,39178082;3819,70875;0,00062494;0,002250512;1,021942488;0,010730771;2912,28
BGS;BGS2023;2024-02-28;11/09/2023;11/09/2023;Consumer Staples;Defensive;2,912;HACK;HACK;231;918;2023;2;59,03561644;875,08512;-0,019114195;-0,079235107;2,53457903;0,011865596;3463,29
MEG;MEG2022;2023-03-01;06/09/2022;06/09/2022;Industrials;Cyclical;2,9;HACK;HACK;90;269;2022;3;33,81369863;1177,08879;-0,040179868;-0,101597448;0,645358843;0,113431509;791,91
CF;CF2015;2016-02-25;02/06/2015;02/06/2015;Materials;Cyclical;2,9;DISC;DISC;173;168;2015;3;16,78082192;73796,09202;0,054941949;0,173448652;1,38597839;0,022450918;12738,9
CABO;CABO2019;2020-02-28;08/08/2019;08/08/2019;Communication Services;Sensitive;2,751;UNKN;OTHER;160;7375;2019;5;50,61643836;6863,88645;0,056659764;0,212201257;2,087283396;0,039745469;3151,83
DXPE;DXPE2020;2021-03-18;09/10/2020;09/10/2020;Industrials;Cyclical;2,55;HACK;HACK;52;2941;2020;6;12,9369863;351,89056;-0,033714958;-0,081230122;1,038904091;0,13745391;868,13
COMP;COMP2023;2024-02-28;21/02/2023;21/02/2023;Real Estate;Cyclical;2,549;UNKN;OTHER;111;79;2023;3;17,79178082;1881,38484;-0,276911144;-0,749475157;1,187543737;0,14384211;1160,3
TTI;TTI2016;2017-03-01;16/02/2016;16/02/2016;Energy;Sensitive;2,4;DISC;DISC;12;10;2016;3;12,22191781;563,4265;-0,12273439;-0,691417976;3,001083405;0,022682701;1315,54
UTI;UTI2011;2011-11-30;13/01/2011;13/01/2011;Consumer Discretionary;Cyclical;2,26;PORT;OTHER;56;98;2011;5;20,6109589;491,0841;0,102557731;0,191661682;0;0,202080674;265,59
ARHS;ARHS2022;2023-03-09;22/07/2022;22/07/2022;Consumer Discretionary;Cyclical;2,18;HACK;HACK;119;628;2022;6;31,75342466;774,51127;0,14663573;0,651584444;1,821602804;0,155808378;931,79
AMPH;AMPH2020;2021-03-15;28/08/2020;28/08/2020;Health Care;Defensive;1,98;HACK;HACK;118;2193;2020;6;34,81369863;964,62345;0,002222624;0,003487395;0,167211028;0,146762859;631,24
CHGG;CHGG2020;2021-02-22;27/04/2020;27/04/2020;Consumer Discretionary;Cyclical;1,941;HACK;HACK;18;700;2020;2;1,156164384;5105,20768;-0,002763344;-0,010204467;2,514273295;0,213148826;2251,26
ZEUS;ZEUS2019;2020-02-21;22/05/2019;22/05/2019;Materials;Cyclical;1,86;UNKN;OTHER;28;28;2019;4;38,55616438;159,9918;0,005936372;0,012505189;0,711443415;0,008839898;649,56
SOND;SOND2022;2023-03-16;14/11/2022;14/11/2022;Consumer Discretionary;Cyclical;1,695;HACK;HACK;177;13875;2022;2;17,6739726;404,72376;-0,105325836;8,309119166;-75,09069033;0,156724783;1573,61
ZEUS;ZEUS2016;2017-03-02;24/03/2016;24/03/2016;Materials;Cyclical;1,66;UNKN;OTHER;6;1705;2016;5;26,76438356;172,99614;-0,001938612;-0,004254312;0,656789929;0,00416316;556,07
WLDN;WLDN2021;2022-03-11;04/06/2021;04/06/2021;Industrials;Cyclical;1,56;HACK;HACK;212;840;2021;6;2,224657534;484,24728;-0,021340088;-0,046964362;0,659710637;0,028449224;394,42
TNDM;TNDM2020;2021-02-24;16/03/2020;16/03/2020;Health Care;Defensive;1,5;HACK;HACK;59;140838;2020;2;8,15890411;3568,0554;-0,047991737;-0,093861673;0,623302985;0,132064516;716,42
MXL;MXL2020;2021-02-11;11/06/2020;11/06/2020;Information Technology;Sensitive;1,42;HACK;HACK;57;2689;2020;5;1,380821918;1487,73856;-0,096428942;-0,252080579;1,003786591;0,145632711;1022,44
REGN;REGN2010;2011-02-17;26/07/2010;26/07/2010;Health Care;Defensive;1,395;HACK;HACK;38;9;2010;2;12,39178082;2146,9742;-0,095892171;-0,197925409;0,303193354;0,10333091;1089,43
LCUT;LCUT2021;2022-03-09;16/04/2021;16/04/2021;Consumer Discretionary;Cyclical;1,35;HACK;HACK;66;1386;2021;6;25,82739726;317,71974;0,025089437;0,081366421;1,373305274;0,033750908;829,07
FFIN;FFIN2018;2019-02-19;21/09/2018;21/09/2018;Financials;Cyclical;1,35;HACK;HACK;73;3;2018;6;22,66849315;4144,756;0,019482779;0,143015964;0,444990245;0,026880358;7731,85
BMRN;BMRN2018;2019-02-28;13/11/2018;13/11/2018;Health Care;Defensive;1,28;HACK;HACK;49;1;2018;3;24,65753425;18468,79333;-0,017440426;-0,026015014;0,279795751;0,111580691;4427,13
SLAB;SLAB2016;2017-02-01;04/04/2016;04/04/2016;Information Technology;Sensitive;1,252;DISC;DISC;41;969;2016;2;23,54520548;1924,79955;0,056841837;0,074361697;0,087670716;0,130431005;1081,84
FMBH;FMBH2024;2025-02-28;19/01/2024;19/01/2024;Financials;Cyclical;1,198;UNKN;OTHER;237;2;2024;6;41,13972603;775,18624;0,010492126;0,093216965;0,676500577;0,012249369;7519,73
LSTR;LSTR2016;2017-02-24;21/03/2016;21/03/2016;Industrials;Cyclical;1,197;DISC;DISC;26;1362;2016;2;8,279452055;2815,27902;0,125251803;0,253153125;0,254911466;0,16313922;1096,59
MGRC;MGRC2021;2022-02-23;15/12/2021;15/12/2021;Industrials;Cyclical;1,184;HACK;HACK;151;6686;2021;4;6,284931507;1801,7902;0,056208747;0,122544299;0,597588047;0,000934254;1595,93
FLL;FLL2020;2021-03-12;27/08/2020;27/08/2020;Consumer Discretionary;Cyclical;1,151;HACK;HACK;155;5049;2020;5;24,51780822;52,07808;0,000691387;0,002593645;2,28036064;0,177305565;212,62
HCC;HCC2023;2024-02-14;13/12/2023;13/12/2023;Materials;Cyclical;1,143;HACK;HACK;137;19794;2023;4;7,136986301;2896,93811;0,203062038;0,255344246;0,092423041;0,31318576;2357,06
HQY;HQY2018;2019-03-28;12/06/2018;12/06/2018;Health Care;Defensive;1,141;HACK;HACK;62;165800;2018;3;32,81369863;4905,75776;0,144895454;0,154898874;0;0,708752274;510,02
CHGG;CHGG2018;2019-02-25;26/09/2018;26/09/2018;Consumer Discretionary;Cyclical;1,087;HACK;HACK;150;75000;2018;4;4,052054795;3734,115;-0,019565326;-0,036256131;0,69080495;0,492371258;760,94
HFFG;HFFG2023;2024-03-26;23/03/2023;23/03/2023;Consumer Staples;Defensive;1,049;HACK;HACK;238;982;2023;5;10,80821918;198,71436;-0,003644471;-0,007583871;0,508374003;0,025534768;596,52
NTRA;NTRA2019;2020-03-02;15/07/2019;15/07/2019;Health Care;Defensive;1,039;HACK;HACK;348;3035;2019;2;10,69315068;2000,0482;-0,214237904;-0,447872527;0,379217182;0,106282266;582,66
RILY;RILY2019;2020-03-10;27/09/2019;27/09/2019;Financials;Cyclical;0,982;UNKN;OTHER;137;102;2019;6;37,77260274;651,10408;0,035204803;0,226282371;2,403743138;0,044978427;2318,18
RLGT;RLGT2023;2024-09-12;09/08/2023;09/08/2023;Industrials;Cyclical;0,931;HACK;HACK;70;238;2023;4;2,293150685;341,23761;0,020703962;0,036706757;0,276912716;0,067012406;371,19
VOXX;VOXX2020;2021-05-13;28/09/2020;28/09/2020;Consumer Discretionary;Cyclical;0,921;HACK;HACK;116;6034;2020;2;19,76164384;181,61352;0,048594999;0,065177267;0,028934937;0,107846875;550,82
ATRC;ATRC2021;2022-02-17;04/06/2021;04/06/2021;Health Care;Defensive;0,875;HACK;HACK;162;3159;2021;6;37,29041096;3407,4848;0,081583002;0,103769256;0,156374288;0,070946122;615,31
CCBG;CCBG2019;2020-03-05;22/01/2019;22/01/2019;Financials;Cyclical;0,815;DISC;DISC;20;11011;2019;3;6,523287671;427,18284;0,009973282;0,0942064;0,208913325;0,019452222;3088,95
VCYT;VCYT2023;2024-02-29;03/03/2023;03/03/2023;Health Care;Defensive;0,815;DISC;DISC;35;338;2023;6;7,876712329;1765,6865;-0,066735671;-0,071261237;0,012096519;0,194145515;1114,91
RHP;RHP2016;2017-02-28;01/04/2016;01/04/2016;Real Estate;Cyclical;0,807;DISC;DISC;9;2478;2016;6;40,02191781;2598,50448;0,066243708;0,433063313;4,08306046;0,024577752;2405,75
GKOS;GKOS2021;2022-02-28;12/03/2021;12/03/2021;Health Care;Defensive;0,727;HACK;HACK;179;905;2021;6;7,789041096;4186,4601;-0,047245017;-0,084463792;0,652958098;0,095939975;1049,7
ONTF;ONTF2021;2022-03-14;29/10/2021;29/10/2021;Information Technology;Sensitive;0,717;HACK;HACK;121;1160;2021;6;29,36986301;912,06297;-0,050481905;-0,068309443;0,011247853;0,343291938;480,49
APLS;APLS2024;2025-02-28;30/09/2024;30/09/2024;Health Care;Defensive;0,71;HACK;HACK;35;733;2024;2;26,31506849;3668,86765;-0,223578076;-0,865839091;2,055596638;0,464707684;885,05
EQBK;EQBK2021;2022-03-09;30/12/2021;30/12/2021;Financials;Cyclical;0,702;HACK;HACK;59;137950;2021;5;7,682191781;569,6724;0,010214825;0,104827707;0,315240167;0,050437838;5137,63
ACAD;ACAD2024;2025-02-27;04/12/2024;04/12/2024;Health Care;Defensive;0,654;DISC;DISC;41;1;2024;4;37,81643836;2717,3567;0,190654478;0,309024513;0,070954553;0,269069573;1187,76
VBTX;VBTX2020;2021-02-26;28/12/2020;28/12/2020;Financials;Cyclical;0,643;HACK;HACK;270;8;2020;2;16,41643836;1240,8507;0,00837593;0,061396438;0,879460784;0,005026374;8820,87
AIRT;AIRT2023;2023-06-27;30/01/2023;30/01/2023;Industrials;Cyclical;0,584;HACK;HACK;288;1604;2023;2;25,18082192;68,25196;-0,064860046;-1,032846102;11,55241935;0,030628501;189,56
ASUR;ASUR2023;2024-02-26;02/02/2023;02/02/2023;Industrials;Cyclical;0,581;UNKN;OTHER;3;47;2023;5;34,79452055;273,22814;-0,020758424;-0,04807597;0,054457228;0,068301837;443,87
ML;ML2021;2022-03-17;24/09/2021;24/09/2021;Financials;Cyclical;0,556;HACK;HACK;87;94;2021;6;33,81369863;1989,05966;-0,37079534;-0,822161275;0,841698093;0,410472842;491,54
ATEN;ATEN2023;2024-02-29;10/02/2023;10/02/2023;Information Technology;Sensitive;0,525;HACK;HACK;18;999;2023;6;22,46849315;1101,25679;0,102537397;0,192278089;0,080913622;0,249465764;389,81
PK;PK2019;2020-02-27;16/09/2019;16/09/2019;Real Estate;Cyclical;0,488;HACK;HACK;68;469;2019;2;27,39178082;6240,81909;0,027103632;0,047105911;0,635929803;0,03064659;11290
VIR;VIR2021;2022-02-28;21/05/2021;21/05/2021;Health Care;Defensive;0,444;HACK;HACK;113;5;2021;6;2,989041096;5921,91915;0,270476721;0,369161832;0,096021298;0,177977125;1954,27
UMH;UMH2018;2019-03-07;15/03/2018;15/03/2018;Real Estate;Cyclical;0,38;DISC;DISC;29;581;2018;5;13,71506849;488,9632;-0,041202021;-0,266454774;3,230462485;0,008456335;878,99
RARE;RARE2016;2017-02-17;01/04/2016;01/04/2016;Health Care;Defensive;0,376;UNKN;OTHER;1;280;2016;6;16,44383562;2610,9044;-0,454794997;-0,518749974;0;0,298024882;540,63
INSM;INSM2018;2019-02-22;17/09/2018;17/09/2018;Health Care;Defensive;0,373;UNKN;OTHER;63;522;2018;2;41,82739726;1476,5828;-0,536388689;-1,557032833;1,519969654;0,818901806;604,56
MFA;MFA2021;2022-02-23;01/09/2021;01/09/2021;Financials;Cyclical;0,298;HACK;HACK;175;13006;2021;4;30,8109589;2076,2448;0,035982629;0,129341028;2,526395213;0,033337681;9139,69
BDN;BDN2024;2025-02-27;06/08/2024;06/08/2024;Real Estate;Cyclical;0,29;HACK;HACK;141;2934;2024;3;52,47123288;807,50595;-0,056098239;-0,188619679;2,153172192;0,025837198;3492,21
KRYS;KRYS2024;2025-02-19;30/01/2024;30/01/2024;Health Care;Defensive;0,275;UNKN;OTHER;75;598;2024;3;41,13972603;3429,07746;0,084443826;0,094210571;0,007672394;0,326626812;1055,84
CLSK;CLSK2023;2024-12-03;23/10/2023;23/10/2023;Information Technology;Sensitive;0,27;UNKN;OTHER;55;185;2023;2;18,59452055;1061,92016;-0,074275143;-0,082788422;0,038370367;0,061764073;1962,66
JOB;JOB2022;2023-12-18;07/10/2022;07/10/2022;Industrials;Cyclical;0,251;HACK;HACK;227;16326;2022;6;25,81369863;72,690828;0,076263432;0,086165726;0,039432393;0,181961731;123,49
EXEL;EXEL2013;2014-02-20;15/08/2013;15/08/2013;Health Care;Defensive;0,227;STAT;OTHER;16;39;2013;5;39,60821918;900,52592;-0,486322913;-3,695159878;5,242262749;0,206597826;503,29
EWCZ;EWCZ2023;2024-03-06;25/05/2023;25/05/2023;Consumer Discretionary;Cyclical;0,204;HACK;HACK;37;1592;2023;5;55,11780822;840,59118;0,01213903;0,107160855;4,564205323;0,0716775;735,73
VRE;VRE2023;2024-02-21;28/02/2023;28/02/2023;Real Estate;Cyclical;0,197;HACK;HACK;473;7;2023;3;9,78630137;1516,24476;-0,034489174;-0,098270912;1,636293625;0,008641346;3241,05
PBYI;PBYI2022;2023-03-02;04/04/2022;04/04/2022;Health Care;Defensive;0,192;HACK;HACK;357;11;2022;2;17,23561644;138,11108;9,01E-06;9,26E-05;5,288828212;0,343156548;222,06
FBIO;FBIO2022;2023-03-31;18/03/2022;18/03/2022;Health Care;Defensive;0,187;HACK;HACK;205;1800;2022;6;36,81643836;156,90148;-0,294171613;-2,0752433;2,981830385;0,60572679;294,3
PBYI;PBYI2023;2024-02-29;17/05/2023;17/05/2023;Health Care;Defensive;0,185;HACK;HACK;390;1933;2023;4;11,22191781;136,27042;0,093658905;0,404008084;2,086186894;0,366918552;230,53
ELMD;ELMD2021;2022-08-23;09/08/2021;09/08/2021;Health Care;Defensive;0,156;HACK;HACK;54;47521;2021;2;28,49589041;95,7675;0,055724785;0,067450912;0,003511544;0,197103762;41,36