ticker;Event_Date;CAR_10_10;CAR_4_3;CAR_1;CAR_1_3;id_2;reported_date;gics_sector;overall_sector;employee;breach_type;breach_type2;d_since_breach;total_affected;year;weekday;year_since_ipo;market_cap_m;roa;roe;debt_to_equity;cash_ratio;total_assets_m;breach_size_group;market_cap_group;year_group;CAR_10_10_post;CAR_6_6_post;CAR_2_6_post;CAR_2_post;sentiment_change;sentiment;cyber_score;cyber_change
AAPL;28-02-2022;-0,061417871;-0,016259622;0,004684786;0,010374042;AAPL2022;28-02-2022;Information Technology;Sensitive;164;INSD;OTHER;91;12;2022;2;8,873972603;2628273,611;0,282924409;1,969588728;2,417469214;0,06703236;352755;Small;Large Cap;modern;-0,073462547;-0,0816388;-0,080963822;-0,015660391;-0,329457365;-0,166666667;0,000477023;-0,000303168
ABG;26-07-2019;0,096642044;0,078574185;0,057357239;0,0392312;ABG2019;26-07-2019;Consumer Discretionary;Cyclical;8,5;UNKN;OTHER;73;197;2019;6;15,12054795;1730,5728;0,063339402;0,285316417;1,561194492;0,001202212;2911,3;Small;Small Cap;early;-0,3067526;-0,020182524;-0,062030926;-0,017457348;-0,026543404;-0,391812865;0,000371018;6,29E-05
ABT;19-07-2016;0,134181466;0,021266156;0,016600141;0,029614822;ABT2016;19-07-2016;Health Care;Defensive;75;UNKN;OTHER;27;1;2016;3;38,90136986;61993,05621;0,026582615;0,068166326;1,007108774;0,353548779;52666;Small;Large Cap;early;0,038502446;0,047417692;0,011757169;0,002838229;-0,144457783;-0,183673469;0,000397519;0,000171436
ABT;06-02-2019;-0,050716706;-0,002180678;-0,00283929;0,002120368;ABT2019;06-02-2019;Health Care;Defensive;107;PORT;OTHER;18;16600;2019;4;33,43835616;128856,5943;0,05431084;0,118598816;0,607887288;0,056859192;67887;Large;Large Cap;early;0,042525085;0,006640659;0,0174889;-0,00879988;-0,05708347;-0,130044843;0,000238512;-1,80E-05
ACAD;04-12-2024;0,046422286;0,162204157;-0,022365917;0,104872449;ACAD2024;04-12-2024;Health Care;Defensive;0,654;DISC;DISC;41;1;2024;4;37,81643836;2717,3567;0,190654478;0,309024513;0,070954553;0,269069573;1187,76;Small;Small Cap;recent;;;;;-0,036306938;-0,18699187;0,001640644;2,96E-05
ACI;21-04-2023;0,00659675;0,032800329;0,002768621;0,025840778;ACI2023;21-04-2023;Consumer Staples;Defensive;285;HACK;HACK;120;32878;2023;6;31,86027397;12062,44512;0,049425844;0,471701547;5,182675159;0,007196494;26221,1;Large;Large Cap;recent;0,008762333;0,015258016;0,017349254;-0,011658828;-0,020320856;-0,529411765;0,001696083;0,000954758
AIR;06-08-2019;0,09979919;0,021353505;-0,006307241;0,011990398;AIR2019;06-08-2019;Industrials;Cyclical;5,4;HACK;HACK;149;4431;2019;3;33,88219178;1384,92762;0,002116402;0,004874806;0,758475515;0,194660895;2079;Large;Small Cap;early;-0,223367663;-0,106856159;-0,069625816;0,032382033;-0,223837209;-0,375;0,000132506;-7,67E-05
AIRT;30-01-2023;-0,267876907;-0,077067297;0,018757987;-0,025297495;AIRT2023;30-01-2023;Industrials;Cyclical;0,584;HACK;HACK;288;1604;2023;2;25,18082192;68,25196;-0,064860046;-1,032846102;11,55241935;0,030628501;189,56;Small;Small Cap;recent;-0,100045479;-0,040847527;-0,046745125;-0,027748986;-0,08045977;-0,620689655;0,000768538;0,000323648
AJG;26-11-2019;0,006494906;-0,006973105;0,003709681;0,002446821;AJG2019;26-11-2019;Financials;Cyclical;33,247;DISC;DISC;256;4637;2019;3;27,16164384;17282,76814;0,034061972;0,129725536;0,943342062;0,030802453;19634,8;Large;Large Cap;early;0,112060586;0,061287934;0,006519227;0,002192093;-0,069851053;-0,296969697;0,000980548;0,000205025
AJG;30-07-2021;-0,021991762;-0,045011106;-0,000357759;-0,018939044;AJG2021;30-07-2021;Financials;Cyclical;39,174;HACK;HACK;422;813120;2021;6;8,731506849;29081,41754;0,027194482;0,10657703;0,757745287;0,012073774;33345;Large;Large Cap;modern;0,0268515;0,004237566;0,006617932;0,000120091;0,12670028;-0,290666667;0,001378068;0,000289234
AJG;13-12-2022;-0,034265003;-0,043563841;-0,000713734;-0,010254467;AJG2022;13-12-2022;Financials;Cyclical;43,64;HACK;HACK;213;14;2022;3;11,88767123;41056,21836;0,028636931;0,121855724;0,684150663;0,008797722;38907,8;Small;Large Cap;modern;-0,078169865;-0,044341026;-0,029019706;-0,03760392;0,017470791;-0,273195876;0,001590078;0,000670895
AMED;02-03-2015;-0,135690252;-0,063143382;-0,030553519;-0,092470104;AMED2015;01-03-2015;Health Care;Defensive;16,1;PORT;OTHER;6;6909;2015;2;21,57808219;1013,92319;-0,004409672;-0,007376065;0,2441597;0,040143924;685,09;Large;Small Cap;early;0,120258597;0,119896345;0,030200622;-0,00238428;0,010917031;-0,5;0,000556527;8,66E-05
AMGN;22-06-2021;0,012648976;0,006371197;-0,004995941;0,006266875;AMGN2021;22-06-2021;Health Care;Defensive;24,2;HACK;HACK;62;1357;2021;3;28,00547945;134125,992;0,096345949;0,879552239;5,071492537;0,130613913;61165;Small;Large Cap;modern;0,061868597;0,044752693;0,027298588;0,000890166;-0,051615052;-0,263736264;0,001192558;0,000530724
AMGN;25-09-2024;-0,070145188;-0,053763753;0,015610396;0,022418381;AMGN2024;25-09-2024;Health Care;Defensive;28;HACK;HACK;406;265;2024;4;19,44657534;177670,948;0,044534457;0,695933299;10,35885656;0,130369451;91839;Small;Large Cap;recent;;;;;0,044217687;-0,333333333;0,002199269;0,000196327
AMPH;28-08-2020;-0,057359712;-0,034457319;-0,000190802;-0,02352445;AMPH2020;28-08-2020;Health Care;Defensive;1,98;HACK;HACK;118;2193;2020;6;34,81369863;964,62345;0,002222624;0,003487395;0,167211028;0,146762859;631,24;Large;Small Cap;modern;0,055607291;0,046089405;-0,000239292;-0,025251305;-0,174898786;-0,621052632;0,00082154;0,000550861
AN;27-05-2014;0,003309286;0,021992047;0,000118067;0,006163922;AN2014;26-05-2014;Consumer Discretionary;Cyclical;24;UNKN;OTHER;82;1499;2014;3;30,14520548;6388,58694;0,049847018;0,202065537;1,027170503;0,008976511;8399,7;Small;Large Cap;early;-0,027422254;-0,010499527;-0,029696269;-0,003620625;0,061123933;-0,030864198;0,000159008;-1,68E-05
ANSS;26-07-2019;0,001253884;-0,033893009;-0,009202666;-0,032601809;ANSS2019;26-07-2019;Information Technology;Sensitive;4,1;HACK;HACK;72;99;2019;6;17,45753425;18281,91816;0,093264216;0,130682152;0,176192072;0,180226155;4838,89;Small;Large Cap;early;0,080666928;-0,029134845;-0,022662844;0,009962264;0,136363636;0,020979021;0,000768538;0,000298561
AON;26-05-2022;-0,100911593;-0,025255077;0,014072577;-0,0172561;AON2022;26-05-2022;Financials;Cyclical;50;HACK;HACK;513;129682;2022;5;6,720547945;54480,296;0,079164628;-4,894139887;-22,07372401;0,021098337;32704;Large;Large Cap;modern;-0,047807847;-0,034713816;-0,002342792;0,00022713;0,162795446;-0,102222222;0,000768538;3,43E-05
APLS;30-09-2024;-0,260398083;-0,099839354;-0,018117833;0,008854419;APLS2024;30-09-2024;Health Care;Defensive;0,71;HACK;HACK;35;733;2024;2;26,31506849;3668,86765;-0,223578076;-0,865839091;2,055596638;0,464707684;885,05;Small;Small Cap;recent;;;;;-0,178332319;-0,006289308;0,000798163;0,000103322
ARHS;22-07-2022;0,117698828;0,001371268;-0,049418934;-0,070715158;ARHS2022;22-07-2022;Consumer Discretionary;Cyclical;2,18;HACK;HACK;119;628;2022;6;31,75342466;774,51127;0,14663573;0,651584444;1,821602804;0,155808378;931,79;Small;Small Cap;modern;-0,607481396;-0,575718023;-0,146616668;-0,06816003;0,296318628;-0,158878505;0,000901044;0,00012493
ARMK;19-09-2024;0,004577456;-0,051911584;-0,028586747;-0,048326665;ARMK2024;19-09-2024;Consumer Discretionary;Cyclical;266,68;HACK;HACK;28;12;2024;5;27,12054795;10050,8352;0,020712823;0,086385076;1,831747162;0,053058491;12674,37;Small;Large Cap;recent;0,011233616;0,029708813;0,030367271;0,031657025;0,113760165;-0,263598326;0,0020406;0,001556163
ARW;03-03-2010;-0,01304375;-0,033359364;-0,01004548;-0,027504671;ARW2010;03-03-2010;Information Technology;Sensitive;12,7;PORT;OTHER;13;4044;2010;4;21,38630137;3314,44477;0,049958659;0,147524218;0,541709433;0,096486364;9600,54;Large;Small Cap;early;0,049170578;0,034635126;-0,030957391;-0,001196118;0,043651659;-0,444897959;2,65E-05;-5,67E-06
ASUR;02-02-2023;0,019131706;0,028451101;0,001809638;-0,012271662;ASUR2023;02-02-2023;Industrials;Cyclical;0,581;UNKN;OTHER;3;47;2023;5;34,79452055;273,22814;-0,020758424;-0,04807597;0,054457228;0,068301837;443,87;Small;Small Cap;recent;-0,026465821;-0,068855737;0,032676909;0,000796937;-0,283371472;-0,195652174;0,001457571;8,32E-05
ATEN;10-02-2023;-0,060983974;-0,08731272;-0,004954348;-0,02766347;ATEN2023;10-02-2023;Information Technology;Sensitive;0,525;HACK;HACK;18;999;2023;6;22,46849315;1101,25679;0,102537397;0,192278089;0,080913622;0,249465764;389,81;Small;Small Cap;recent;0,111182489;0,03277116;-0,008076381;-0,002928743;-0,167832168;-0,076923077;0,003047649;0,001428733
ATRC;04-06-2021;-0,041171461;-0,029700922;-0,002395116;-0,019179384;ATRC2021;04-06-2021;Health Care;Defensive;0,875;HACK;HACK;162;3159;2021;6;37,29041096;3407,4848;0,081583002;0,103769256;0,156374288;0,070946122;615,31;Large;Small Cap;modern;0,174397446;0,129272289;0,117905103;0,038284486;0,318675043;-0,176470588;0,000397519;0,000222598
AYI;06-12-2022;-0,096996033;-0,059332152;0,011457455;-0,01691015;AYI2022;06-12-2022;Industrials;Cyclical;12,2;HACK;HACK;791;37137;2022;3;24,77260274;5623,28439;0,101510929;0,171678079;0,2931428;0,116737568;3408,5;Large;Large Cap;modern;-0,003459486;-0,017925801;0,013208919;-0,005287832;-0,051111111;-0,44;0,000689034;0,000287985
AZO;21-11-2023;0,009191334;-0,033672216;-0,004466818;-0,025656052;AZO2023;21-11-2023;Consumer Discretionary;Cyclical;126;HACK;HACK;177;184995;2023;3;21,38630137;44841,2055;0,155003703;-0,5605565;-2,663553501;0,017359261;17176,54;Large;Large Cap;recent;0,008454493;-0,024174178;0,003446691;-0,012605876;-0,122512277;-0,547169811;0,001272062;0,000454373
BBY;05-04-2018;0,049566502;0,018711584;0,000263092;-0,005506264;BBY2018;05-04-2018;Consumer Discretionary;Cyclical;125;HACK;HACK;191;18804;2018;5;10,1890411;19359,12058;0,113479575;0,442831216;0,41984271;0,153476475;12901;Large;Large Cap;early;0,08770032;0,064386148;0,034431765;0,002524422;0,035633442;-0,212851406;0,000344517;4,68E-05
BDC;14-12-2020;0,038528228;-0,059775666;-0,025302907;-0,066175598;BDC2020;14-12-2020;Information Technology;Sensitive;6,2;HACK;HACK;32;5364;2020;2;16,61917808;1887,95247;-0,017569004;-0,073492401;2,178264571;0,159884245;3139,73;Large;Small Cap;modern;-0,086427413;-0,114478522;0,009318858;-0,006177908;0,054054054;-0,279279279;0,000636031;0,000350651
BDC;05-04-2021;-0,126918283;-0,031452189;-0,031099778;-0,06490993;BDC2021;02-04-2021;Information Technology;Sensitive;7,5;HACK;HACK;0;9840;2021;2;40,81917808;2008,5835;0,018704225;0,066917063;1,617880281;0,188360983;3417,68;Large;Small Cap;modern;0,013032156;0,022654167;0,019629748;-0,01600171;0,033048123;-0,246231156;0,000503525;-0,000182758
BDC;13-02-2023;0,047379812;0,061333935;0,005778045;-0,007439197;BDC2023;13-02-2023;Information Technology;Sensitive;8;UNKN;OTHER;62;376;2023;2;41,02739726;3652,48887;0,074921201;0,208152234;1,118262098;0,184261977;3240,19;Small;Small Cap;recent;0,132982466;0,099864883;-0,02888496;-0,000535432;0,069696969;-0,066666667;0,001404569;0,001154858
BDN;06-08-2024;0,099400508;-0,016771246;-0,012390022;-0,040635084;BDN2024;06-08-2024;Real Estate;Cyclical;0,29;HACK;HACK;141;2934;2024;3;52,47123288;807,50595;-0,056098239;-0,188619679;2,153172192;0,025837198;3492,21;Large;Small Cap;recent;;;;;-0,114811481;-0,316831683;0,001717538;0,000250106
BGS;11-09-2023;-0,152678478;-0,109033523;0,011549675;0,012311889;BGS2023;11-09-2023;Consumer Staples;Defensive;2,912;HACK;HACK;231;918;2023;2;59,03561644;875,08512;-0,019114195;-0,079235107;2,53457903;0,011865596;3463,29;Small;Small Cap;recent;0,119930712;0,129240574;-0,047236421;0,023464548;0,027373824;-0,401197605;0,001749086;0,001074842
BLKB;14-09-2020;-0,030762382;-0,042610979;0,010589859;0,008648389;BLKB2020;14-09-2020;Information Technology;Sensitive;3,1;HACK;HACK;220;8;2020;2;39,02739726;2796,6625;0,003774085;0,018108647;1,308809105;0,017483937;2044,73;Small;Small Cap;modern;0,01172877;-0,087242651;1,14E-05;-0,009019555;0,006989196;0,160142349;0,001696083;0,000938453
BLKB;07-07-2023;-0,012739806;0,026837561;0,004996786;-0,004727557;BLKB2023;07-07-2023;Information Technology;Sensitive;3;HACK;HACK;115;10;2023;6;12,39178082;3819,70875;0,00062494;0,002250512;1,021942488;0,010730771;2912,28;Small;Small Cap;recent;-0,116325447;-0,177493541;0,016588853;0,012705658;-0,072923206;-0,327160494;0,005538771;0,005538771
BLMN;17-10-2019;0,052614835;-0,002254958;0,012909838;0,041211043;BLMN2019;17-10-2019;Consumer Discretionary;Cyclical;94;UNKN;OTHER;77;499;2019;5;28,20821918;1584,59085;0,036344147;0,766534384;14,67413204;0,018689375;3592,68;Small;Small Cap;early;-0,380990006;-0,170940002;-0,113144892;-0,018766841;0,147266076;-0,479289941;0,000450522;-0,000162501
BMRN;13-11-2018;-0,021216171;-0,003356189;-0,009947805;0,012106807;BMRN2018;13-11-2018;Health Care;Defensive;1,28;HACK;HACK;49;1;2018;3;24,65753425;18468,79333;-0,017440426;-0,026015014;0,279795751;0,111580691;4427,13;Small;Large Cap;early;-0,04133192;-0,003398502;-0,022360809;-0,011734755;-0,093232323;-0,297777778;0,001033551;0,001033551
CABO;08-08-2019;0,029579105;0,035312836;0,004740743;0,001100496;CABO2019;08-08-2019;Communication Services;Sensitive;2,751;UNKN;OTHER;160;7375;2019;5;50,61643836;6863,88645;0,056659764;0,212201257;2,087283396;0,039745469;3151,83;Large;Large Cap;early;-0,137616142;-0,091039118;-0,028248631;0,005447863;0,044444444;-0,355555556;0,000556527;6,38E-05
CAL;01-09-2023;-0,025854263;0,13471353;-0,053774109;-0,049915075;CAL2023;01-09-2023;Consumer Discretionary;Cyclical;9,2;HACK;HACK;56;13926;2023;6;14,71232877;1017,4983;0,094966826;0,305710886;1,333962981;0,011834352;1804,75;Large;Small Cap;recent;-0,109664958;-0,131381556;-0,053473939;-0,010499022;0,050919264;-0,09352518;0,000954047;0,000674107
CAR;04-11-2015;-0,186789399;-0,118321926;-0,041447152;-0,025642881;CAR2015;04-11-2015;Industrials;Cyclical;30;DISC;DISC;33;90;2015;4;4,55890411;4533,03;0,017749802;0,712984055;28,06605923;0,040263128;17634;Small;Small Cap;early;0,030933963;0,030707396;0,138042818;0,040980223;-0,024795438;-0,376146789;0,000291514;8,66E-05
CAT;10-09-2020;0,074813011;0,038337612;0,026134733;-0,030673839;CAT2020;10-09-2020;Industrials;Cyclical;97,3;UNKN;OTHER;43;1160;2020;5;29,51232877;83262,46776;0,038276901;0,195551497;2,333050682;0,119401461;78324;Small;Large Cap;modern;0,107592532;0,13193499;0,115877772;0,046019016;0,107182017;-0,182291667;0,00021201;5,24E-05
CBZ;01-09-2023;-0,010823998;-0,038201419;-0,044983517;-0,048084111;CBZ2023;01-09-2023;Industrials;Cyclical;6,7;HACK;HACK;95;37601;2023;6;18,32054795;2795,06354;0,059193812;0,152811078;0,696060474;0,003958716;2043,59;Large;Small Cap;recent;0,118157264;0,152752142;0,003307988;0,003987999;-0,101246106;-0,166666667;0,001590078;0,001011802
CCBG;22-01-2019;-0,039671825;-0,003544033;-0,055543751;-0,028691884;CCBG2019;22-01-2019;Financials;Cyclical;0,815;DISC;DISC;20;11011;2019;3;6,523287671;427,18284;0,009973282;0,0942064;0,208913325;0,019452222;3088,95;Large;Small Cap;early;0,032945655;-0,111375734;-0,031226686;-0,016926079;-0,045125078;-0,273775216;0,000397519;8,64E-05
CF;02-06-2015;0,045875078;-0,004277205;0,005546722;-0,000350423;CF2015;02-06-2015;Materials;Cyclical;2,9;DISC;DISC;173;168;2015;3;16,78082192;73796,09202;0,054941949;0,173448652;1,38597839;0,022450918;12738,9;Small;Large Cap;early;0,178904072;0,092457168;-0,02406654;0,053597629;-0,249096574;-0,426666667;0,00021201;5,14E-05
CHGG;26-09-2018;-0,214292421;-0,142881225;-0,017340569;-0,048274121;CHGG2018;26-09-2018;Consumer Discretionary;Cyclical;1,087;HACK;HACK;150;75000;2018;4;4,052054795;3734,115;-0,019565326;-0,036256131;0,69080495;0,492371258;760,94;Large;Small Cap;early;0,034212466;-0,003834219;0,006264485;0,009851724;-0,057610242;-0,368421053;0,00082154;0,000247529
CHGG;27-04-2020;0,496610275;0,140949077;-0,016897062;0,013260617;CHGG2020;27-04-2020;Consumer Discretionary;Cyclical;1,941;HACK;HACK;18;700;2020;2;1,156164384;5105,20768;-0,002763344;-0,010204467;2,514273295;0,213148826;2251,26;Small;Large Cap;modern;-0,181935683;-0,057944868;-0,015889576;-0,022857284;0,003795066;-0,37254902;0,001113055;0,000215843
CLH;15-12-2020;0,001044125;-0,00929778;-0,004454794;0,00570084;CLH2020;15-12-2020;Industrials;Cyclical;14;HACK;HACK;110;772;2020;3;14,50958904;3949,1333;0,032636173;0,100508292;1,318669212;0,125644073;4131,52;Small;Small Cap;modern;0,070564159;0,071097543;0,008256955;-0,015994944;-0,082049087;-0,40625;0,000132506;1,35E-05
CLSK;23-10-2023;0,037157825;0,212919477;0,081641619;0,06009598;CLSK2023;23-10-2023;Information Technology;Sensitive;0,27;UNKN;OTHER;55;185;2023;2;18,59452055;1061,92016;-0,074275143;-0,082788422;0,038370367;0,061764073;1962,66;Small;Small Cap;recent;-0,068289619;0,022103149;-0,081879157;-0,033747111;0,033172302;-0,226086957;0,0020406;0,000794375
CMG;22-08-2018;-0,061819306;-0,114144877;-0,011131345;-0,07503619;CMG2018;22-08-2018;Consumer Discretionary;Cyclical;73;UNKN;OTHER;32;33;2018;4;18,94246575;14371,9733;0,077930522;0,122492349;0;0,110329293;2265,52;Small;Large Cap;early;0,086407335;0,103655311;-0,021949718;-0,023678753;-0,056252491;-0,491211841;0,001086553;-0,000448811
CMG;24-05-2024;-0,109212262;-0,049239678;-0,002091006;-0,01595672;CMG2024;24-05-2024;Consumer Discretionary;Cyclical;130,504;HACK;HACK;312;678;2024;6;19,44657534;4264141,088;0,166671845;0,419666447;1,242117593;0,081324053;9204,37;Small;Large Cap;recent;;;;;0,240738209;-0,263157895;0,003981071;0,000360206
CMI;19-08-2022;0,009921408;0,019079967;-0,003064756;-0,002268954;CMI2022;19-08-2022;Industrials;Cyclical;73,6;UNKN;OTHER;114;22;2022;6;43,81917808;32527,26;0,070992442;0,239665738;0,620724234;0,069342223;30299;Small;Large Cap;modern;-0,010924475;-0,025637945;-0,000382185;0,009344161;-0,119235837;-0,210144928;0,000265013;5,13E-05
CNDT;25-11-2020;0,117278238;-0,082678405;0,000657121;-0,072454988;CNDT2020;25-11-2020;Industrials;Cyclical;63;INSD;OTHER;202;22;2020;4;30,59452055;947,97078;-0,027725564;-0,099159664;1,51092437;0,105733083;4256;Small;Small Cap;modern;0,147578448;0,063145588;0,111524175;-0,023569386;0,172727272;-0,463636364;0,000980548;2,24E-05
CNO;21-07-2021;-0,044393465;-0,012996106;-0,017851493;-0,012461582;CNO2021;21-07-2021;Financials;Cyclical;3,35;HACK;HACK;232;562;2021;4;36,29041096;2734,96544;0,01218084;0,083845086;0,770633306;0,017459204;36204,4;Small;Small Cap;modern;-0,058281607;-0,049993132;-0,037044519;-0,023694349;0,031892746;-0,32688588;0,001086553;0,000536236
COF;06-11-2024;0,151687864;0,110224394;-0,038619126;-0,015555057;COF2024;06-11-2024;Financials;Cyclical;52,6;UNKN;OTHER;194;3050;2024;4;36,17534247;63303,2415;0,00969103;0,084913924;0,836911636;0,006177776;490144;Large;Large Cap;recent;;;;;0,033276259;-0,624082232;0,00179388;5,59E-05
COLD;04-03-2021;0,101531141;-0,041573213;-0,00265829;0,000826021;COLD2021;04-03-2021;Real Estate;Cyclical;16,275;HACK;HACK;126;141351;2021;5;4,504109589;9191,37558;-0,003706703;-0,007573973;0,850865219;0,010096885;8216,2;Large;Large Cap;modern;-0,027631032;0,013678128;0,010057725;0,008476092;-0,090373965;-0,348534202;0,000848042;0,000413454
COMM;12-05-2023;0,043077505;-0,10375851;0,018314389;-0,022299312;COMM2023;12-05-2023;Information Technology;Sensitive;20;HACK;HACK;47;5485;2023;6;40,23287671;899,34216;-0,154813858;0,48871598;-3,184788467;0,053350975;9371,9;Large;Small Cap;recent;-0,234267522;-0,410262342;0,131856171;-0,094210108;-0,039408539;-0,557093426;0,0020406;0,001351679
COMP;21-02-2023;-0,120117302;-0,001235827;0,020139854;-0,027328843;COMP2023;21-02-2023;Real Estate;Cyclical;2,549;UNKN;OTHER;111;79;2023;3;17,79178082;1881,38484;-0,276911144;-0,749475157;1,187543737;0,14384211;1160,3;Small;Small Cap;recent;-0,100100508;-0,06325611;-0,087812888;-0,050386448;-0,126355331;-0,547169811;0,002941644;0,00181945
COR;15-05-2024;-0,130646091;-0,031460161;-0,002726742;-0,011749182;COR2024;15-05-2024;Health Care;Defensive;46;HACK;HACK;84;220541;2024;4;28,17808219;43265,87136;0,022490052;2,3363233;8,70489273;0,046685099;67101,67;Large;Large Cap;recent;-0,067189696;0,020368356;-0,020741515;0,007903841;-0,04597566;-0,479452055;0,003286161;0,002423162
COTY;03-07-2018;0,001696982;-0,02017658;0,014881768;0,007514886;COTY2018;03-07-2018;Consumer Staples;Defensive;19;HACK;HACK;172;4753;2018;3;37,81643836;10460,754;-0,214215359;-0,825019622;1,669900584;0,019269306;17665,4;Large;Large Cap;early;0,017411953;0,047687501;0,052634161;0,017680502;-0,099607994;-0,421245421;0,000503525;0,000254479
CPRT;27-05-2015;-0,001649565;-0,041410163;-0,031828722;-0,036632802;CPRT2015;27-05-2015;Industrials;Cyclical;4,267;HACK;HACK;57;4676;2015;4;30,12054795;4241,5068;0,122104923;0,227880978;0,669600939;0,253346756;1799,95;Large;Small Cap;early;-0,022722263;-0,001781501;-0,002267035;-0,000970281;0,010160573;-0,496688742;0,00082154;1,04E-05
CPS;21-04-2023;-0,231918011;-0,104895992;0,003829973;0,053782981;CPS2023;21-04-2023;Consumer Discretionary;Cyclical;20;UNKN;OTHER;136;306;2023;6;39,56438356;192,6064;-0,107880739;2,484440344;-14,64338253;0,082679636;1872,3;Small;Small Cap;recent;-0,334433273;-0,218411291;-0,099789006;-0,018343554;-0,048208279;-0,366037736;0,00143107;0,000980417
CR;08-06-2016;0,021534032;0,002992144;0,002717339;-0,011520596;CR2016;08-06-2016;Industrials;Cyclical;11;DISC;DISC;1;15;2016;4;81,21643836;3520,2105;0,035822637;0,108308344;0,657346975;0,148687281;3428;Small;Small Cap;early;-0,030015513;-0,002822074;0,006228761;-0,0275081;-0,024059658;-0,437308869;0,000132506;1,56E-05
CRBG;27-07-2023;0,02727685;-0,027793674;-0,010782215;-0,015220095;CRBG2023;27-07-2023;Financials;Cyclical;5,7;HACK;HACK;59;6500000;2023;5;10,51232877;11979,46528;0,002910855;0,093829679;1,011218766;0,001613626;379270;Large;Large Cap;recent;-0,07901043;0,003758656;-0,050380048;0,003726036;0,048914083;-0,131170663;0,003736683;0,00303924
CRBG;13-02-2024;-0,062804325;0,054519238;0,024213465;0,048660387;CRBG2024;13-02-2024;Financials;Cyclical;5,2;UNKN;OTHER;17;2;2024;3;13,1260274;13340,8836;0,005726803;0,194555924;1,088117257;0,002069867;389397;Small;Large Cap;recent;;;;;-0,002055661;-0,133226324;0,00111926;-5,37E-05
CSCO;09-04-2012;-0,032054771;-0,0412605;-0,003226588;-0,003224413;CSCO2012;09-04-2012;Information Technology;Sensitive;66,639;PORT;OTHER;14;4;2012;2;24,31506849;107125,56;0,087631731;0,156787427;0,317767032;0,106790615;91759;Small;Large Cap;early;-0,022837307;-0,014257388;-0,003084023;0,002288891;-0,036775106;-0,465346535;0,000159008;-3,19E-05
CTRN;22-06-2023;0,098846255;0,144759698;0,016509029;0,05513996;CTRN2023;22-06-2023;Consumer Discretionary;Cyclical;4,8;HACK;HACK;161;5307;2023;5;6,232876712;151,52372;-0,023093339;-0,075957795;1,487907879;0,153658711;518,72;Large;Small Cap;recent;-0,227410045;-0,067956725;-0,02756283;-0,014004474;0,038302277;-0,152173913;0,00182859;0,000507586
CVNA;12-09-2024;-0,142583115;-0,032363104;-0,021651009;0,055741604;CVNA2024;12-09-2024;Consumer Discretionary;Cyclical;17,4;HACK;HACK;69;1799;2024;5;39,02191781;17797,00934;0,024752475;0,166666667;4,798412698;0,202263083;8484;Small;Large Cap;recent;;;;;-0,005500317;0,172413793;0,00125458;0,000215542
CZR;02-12-2022;0,012906902;0,048303296;0,0132585;0,037884147;CZR2022;02-12-2022;Consumer Discretionary;Cyclical;49;HACK;HACK;162;112;2022;6;3,679452055;11128,59648;-0,026814209;-0,242122273;7,039321304;0,030960122;33527;Small;Large Cap;modern;0,042248881;0,04086057;0,004327543;-0,025026184;0,114798838;-0,45276873;0,000556527;0,000180379
CZR;06-10-2023;-0,033981925;-0,016081452;-0,011611139;0,015208211;CZR2023;06-10-2023;Consumer Discretionary;Cyclical;51;HACK;HACK;48;384087;2023;6;4,421917808;9426,18768;0,023556914;0,172671353;5,667618629;0,030120482;33366;Large;Large Cap;recent;-0,081898631;-0,082482877;-0,052927948;-0,062994233;0,02076873;-0,432;0,002067101;0,001666712
DAL;05-04-2018;-0,017816827;-0,051048754;0,002027865;-0,033403244;DAL2018;05-04-2018;Industrials;Cyclical;88,68;HACK;HACK;191;825000;2018;5;42,60821918;36621,78384;0,065293864;0,287499087;1,207496164;0,025968208;60266;Large;Large Cap;early;-0,053582509;-0,021406047;-0,021513709;-0,013984955;0,191798689;0,267175573;0,00021201;-6,58E-05
DKS;29-08-2024;-0,067772876;-0,077059149;-0,002669326;-0,057704882;DKS2024;29-08-2024;Consumer Discretionary;Cyclical;56,1;HACK;HACK;8;72012;2024;5;42,02739726;18851,6431;0,11142003;0,364356413;1,403186229;0,161582316;10458,69;Large;Large Cap;recent;;;;;0,245254746;-0,227272727;0,001471851;0,000146846
DLTR;11-09-2020;-0,133087421;-0,036836104;-0,025258356;-0,025033967;DLTR2020;11-09-2020;Consumer Staples;Defensive;199,327;UNKN;OTHER;126;67;2020;6;28,12054795;21062,81575;0,064838616;0,184192827;1,32319877;0,068452841;20696;Small;Large Cap;modern;0,172332627;0,062426578;0,059028428;-0,005780717;-0,108517824;-0,523902439;0,000424021;-0,000705649
DVA;03-07-2024;-0,099814289;-0,060157548;-0,016040085;-0,01080748;DVA2024;03-07-2024;Health Care;Defensive;76;DISC;DISC;2417;67443;2024;4;40,02739726;11150,2092;0,054169944;7,730569178;99,62546854;0,045989047;17285,27;Large;Large Cap;recent;;;;;-0,117105037;-0,40952381;0,001902258;0,000104126
DXPE;09-10-2020;0,060333353;-0,017286223;-0,002125604;-0,03137824;DXPE2020;09-10-2020;Industrials;Cyclical;2,55;HACK;HACK;52;2941;2020;6;12,9369863;351,89056;-0,033714958;-0,081230122;1,038904091;0,13745391;868,13;Large;Small Cap;modern;-0,060708832;-0,094799993;-0,058380501;-0,042689883;-0,225747171;-0,450236967;0,000344517;0,000197463
EFX;05-03-2014;0,01027372;0,00178914;0,005097987;0,018883484;EFX2014;05-03-2014;Industrials;Cyclical;7,5;HACK;HACK;33;14;2014;4;38,95890411;8437,998;0,078601686;0,166992409;0,521067224;0,027448547;4674,2;Small;Large Cap;early;0,060679498;0,005942668;0,01209193;0,00292028;-0,011896775;-0,276264591;0,000662532;9,02E-05
EFX;02-04-2015;-0,031897184;-0,011384534;-0,003066551;-0,016707595;EFX2015;02-04-2015;Industrials;Cyclical;8;DISC;DISC;18;1382;2015;5;2,405479452;11037,913;0,095165225;0,185685231;0,496776148;0,020691949;4509;Small;Large Cap;early;0,019441744;-0,000662361;-0,027276677;-0,003036618;0,015601084;-0,260663507;0,000583029;-1,67E-05
EFX;07-09-2017;-0,389261581;-0,211688919;-0,13632803;-0,209816977;EFX2017;07-09-2017;Industrials;Cyclical;10,3;HACK;HACK;114;145500000;2017;5;10,78082192;16980,939;0,0811928;0,185011341;0,674678679;0,046506484;7233,4;Large;Large Cap;early;0,093217221;0,086837017;0,055057553;0,030666221;-0,266894754;-0,478005865;0,008294906;0,007747795
EFX;01-03-2018;0,093309052;0,059245595;0,049382871;0,079367136;EFX2018;01-03-2018;Industrials;Cyclical;10,9;HACK;HACK;42;2400000;2018;5;25,20547945;13627,8;0,041911312;0,096466954;0,848027544;0,031258737;7153,2;Large;Large Cap;early;0,044566267;0,031921033;0,004491123;-0,002350771;0,017331708;-0,460674157;0,009063444;0,002939518
ELMD;09-08-2021;-0,054781849;-0,037263704;-0,007267727;-0,026409813;ELMD2021;09-08-2021;Health Care;Defensive;0,156;HACK;HACK;54;47521;2021;2;28,49589041;95,7675;0,055724785;0,067450912;0,003511544;0,197103762;41,36;Large;Small Cap;modern;0,122924966;0,084970033;-0,021131076;-0,000824777;0,252071823;0,125;0,000503525;-0,000479251
EQBK;30-12-2021;0,07445553;0,018912601;0,005566028;0,014975895;EQBK2021;30-12-2021;Financials;Cyclical;0,702;HACK;HACK;59;137950;2021;5;7,682191781;569,6724;0,010214825;0,104827707;0,315240167;0,050437838;5137,63;Large;Small Cap;modern;-0,065889274;-0,003502437;-0,004979681;-0,00119784;0,057680947;-0,455445545;0,001855091;0,000827105
EWCZ;25-05-2023;-0,034536408;0,016120865;-0,001195025;0,007554397;EWCZ2023;25-05-2023;Consumer Discretionary;Cyclical;0,204;HACK;HACK;37;1592;2023;5;55,11780822;840,59118;0,01213903;0,107160855;4,564205323;0,0716775;735,73;Small;Small Cap;recent;-0,190282433;-0,10572422;-0,163437632;-0,005247377;-0,013781512;-0,282352941;0,002199608;0,001207544
EXEL;15-08-2013;0,071303568;0,06641473;0,025664687;0,064530843;EXEL2013;15-08-2013;Health Care;Defensive;0,227;STAT;OTHER;16;39;2013;5;39,60821918;900,52592;-0,486322913;-3,695159878;5,242262749;0,206597826;503,29;Small;Small Cap;early;-0,098126836;-0,107489947;-0,020791009;-0,024204637;0,069319147;-0,262820513;0,000689034;-4,38E-05
EXPE;02-03-2022;-0,010133494;-0,222804364;-0,025625727;-0,128781894;EXPE2022;02-03-2022;Consumer Discretionary;Cyclical;16,5;HACK;HACK;343;1770;2022;4;25,58630137;28793,648;0,016325773;0,154183092;2,903635567;0,189972636;21561;Small;Large Cap;modern;-0,039849785;-0,022489838;0,024258841;0,031565644;0,115349544;-0,14893617;0,000530026;0,000174302
FBIO;18-03-2022;-0,05383659;-0,042316246;-0,034263046;-0,044697599;FBIO2022;18-03-2022;Health Care;Defensive;0,187;HACK;HACK;205;1800;2022;6;36,81643836;156,90148;-0,294171613;-2,0752433;2,981830385;0,60572679;294,3;Large;Small Cap;modern;0,091729227;0,010580915;-0,079724952;-0,066013068;-0,022857143;-0,222857143;0,001166057;0,00033244
FCX;08-09-2023;0,017654415;0,025345046;0,013082441;0,01395118;FCX2023;08-09-2023;Materials;Cyclical;27,2;HACK;HACK;31;168;2023;6;13,51506849;57055,6;0,035195978;0,110705086;0,590247409;0,090618215;52506;Small;Large Cap;recent;-0,122161908;-0,062632066;-0,033558471;0,01859494;0,145734415;0,04845815;0,002279112;0,002026247
FFIN;21-09-2018;-0,044668089;-0,04333985;-0,013325622;-0,029770168;FFIN2018;21-09-2018;Financials;Cyclical;1,35;HACK;HACK;73;3;2018;6;22,66849315;4144,756;0,019482779;0,143015964;0,444990245;0,026880358;7731,85;Small;Small Cap;early;-0,014194287;-0,013727991;-0,001239269;-0,00244845;0,037037038;-0,469135802;0,000424021;2,28E-06
FIS;21-06-2023;0,066825791;-0,024824036;-0,003099822;-0,002814014;FIS2023;21-06-2023;Financials;Cyclical;52;HACK;HACK;21;49000;2023;4;62,03561644;31860,95;-0,120751293;-0,348504688;0,763683025;0,007984756;55105;Large;Large Cap;recent;0,100627215;0,08878005;0,039914814;0,000683866;-0,062144752;-0,270935961;0,002014099;0,001114838
FIVE;05-10-2018;-0,137506942;-0,119297569;0,021876965;-0,008684383;FIVE2018;05-10-2018;Consumer Discretionary;Cyclical;13,9;HACK;HACK;52;3234;2018;6;25,92328767;6681,04338;0,157146548;0,243288018;0;0,264367864;952,26;Large;Large Cap;early;0,052107382;0,007374066;-0,031058231;-0,047327748;0,042677705;0,016129032;0,000371018;8,45E-05
FLL;27-08-2020;0,114675842;-0,004317641;0,012290311;0,07247053;FLL2020;27-08-2020;Consumer Discretionary;Cyclical;1,151;HACK;HACK;155;5049;2020;5;24,51780822;52,07808;0,000691387;0,002593645;2,28036064;0,177305565;212,62;Large;Small Cap;modern;-0,133133541;-0,176809887;-0,218041985;-0,070064917;0,019793967;-0,344444444;0,000265013;3,36E-05
FMBH;19-01-2024;-0,165397398;-0,013529038;0,025302812;0,013701672;FMBH2024;19-01-2024;Financials;Cyclical;1,198;UNKN;OTHER;237;2;2024;6;41,13972603;775,18624;0,010492126;0,093216965;0,676500577;0,012249369;7519,73;Small;Small Cap;recent;;;;;0,014584327;-0,564814815;0,00108353;2,61E-05
FNF;29-07-2016;-0,027439515;-0,037565428;0,002822178;-0,022430877;FNF2016;29-07-2016;Financials;Cyclical;55,219;DISC;DISC;7;1;2016;6;33,77260274;10281,18285;0,044942266;0,108405604;0,457971981;0,091474798;14463;Small;Large Cap;early;0,015611204;0,020976149;-0,01036729;-0,014440315;0,015971238;-0,577889447;0,000291514;0,000122917
FNF;04-05-2017;0,044719706;-0,023745739;0,002896198;-0,024226055;FNF2017;04-05-2017;Financials;Cyclical;24,367;HACK;HACK;113;236;2017;5;47,46575342;11152,91648;0,072341821;0,148864403;0,170676861;0,121298219;9151;Small;Large Cap;early;-0,016518849;-0,031221251;-0,034795342;0,008103055;-0,008512819;-0,586402266;0,000265013;7,97E-05
FOSL;18-07-2019;0,064662109;-0,061453585;0,021273605;-0,041816765;FOSL2019;18-07-2019;Consumer Discretionary;Cyclical;10,2;HACK;HACK;65;1393;2019;5;41,56986301;557,19148;-0,032631617;-0,104094193;1,117874025;0,124767251;1604,73;Small;Small Cap;early;0,21655825;0,105231338;0,086573624;-0,145079917;-0,112878788;-0,533333333;0,000371018;0,000101919
FYBR;06-06-2024;-0,071358459;-0,08995096;0,00296908;-0,035915066;FYBR2024;06-06-2024;Communication Services;Sensitive;13,025;HACK;HACK;54;751895;2024;5;36,17534247;6594,44495;-0,015620452;-0,065168994;2,435539365;0,036383041;20614;Large;Large Cap;recent;;;;;0,011616532;-0,287234043;0,001493722;0,000332043
GDEN;07-11-2019;0,223893316;0,118559345;0,028209403;0,068828049;GDEN2019;07-11-2019;Consumer Discretionary;Cyclical;8;HACK;HACK;161;5815;2019;5;10,17534247;427,38507;-0,02271504;-0,13648255;4,683634519;0,064148951;1740,92;Large;Small Cap;early;-0,336878989;-0,473446186;-0,063147908;0,009665083;0,261551687;-0,272727273;0,000450522;1,00E-05
GDEN;24-09-2021;0,082162004;0,072496914;0,000599843;0,014539245;GDEN2021;24-09-2021;Consumer Discretionary;Cyclical;6,3;HACK;HACK;243;21912;2021;6;2,44109589;1408,6338;0,100135928;0,50627619;3,77658892;0,136509603;1615,56;Large;Small Cap;modern;0,110680585;-0,000518561;-0,002401791;-0,022925089;-0,084210526;-0,684210526;0,000556527;-4,13E-05
GEN;12-05-2023;0,010779303;-0,050507492;0,01024774;-0,0090305;GEN2023;12-05-2023;Information Technology;Sensitive;3,4;UNKN;OTHER;26;6;2023;6;37,15616438;10690,68;0,039056556;0,28038234;3,939462904;0,053639361;15772;Small;Large Cap;recent;0,174513326;0,211176066;-0,00390184;-0,024342114;-0,042507296;-0,54954955;0,002199608;0,000350009
GES;09-07-2021;-0,293597427;-0,124515983;-0,007412767;-0,042434461;GES2021;09-07-2021;Consumer Discretionary;Cyclical;12,5;HACK;HACK;157;1304;2021;6;7,147945205;1495,32345;0,067053186;0,275212075;1,852087342;0,162607782;2555,63;Small;Small Cap;modern;0,131579305;0,082710922;0,011418617;-0,013575022;0,062846053;-0,389048991;0,000318016;0,000158676
GIS;12-01-2023;-0,137219495;-0,086074146;-0,002633245;-0,052798151;GIS2023;12-01-2023;Consumer Staples;Defensive;34;HACK;HACK;55;49000;2023;5;33,8109589;49245,07;0,08247249;0,248229597;1,151536901;0,018615846;31451,7;Large;Large Cap;recent;-0,107034242;-0,075881189;-0,012612603;0,002517583;0,066827295;0,07641196;0,000132506;-1,21E-05
GKOS;12-03-2021;-0,193252729;-0,035793591;-0,008663341;-0,011462466;GKOS2021;12-03-2021;Health Care;Defensive;0,727;HACK;HACK;179;905;2021;6;7,789041096;4186,4601;-0,047245017;-0,084463792;0,652958098;0,095939975;1049,7;Small;Small Cap;modern;-0,00584585;0,075336768;0,017301397;-0,029633959;0,071019925;-0,226277372;0,000344517;8,20E-05
H;12-10-2017;-0,021509945;-0,002118052;-0,002867305;-0,000498068;H2017;12-10-2017;Consumer Discretionary;Cyclical;45;UNKN;OTHER;208;19;2017;5;38,81643836;7342,56435;0,032455683;0,070638298;0,411631206;0,065563087;7672;Small;Large Cap;early;-0,058318216;-0,040531523;-0,034286554;0,013418658;0,037399381;-0,157894737;0,000238512;6,51E-05
HAS;25-06-2018;0,068126234;0,024244923;-0,002272505;0,012211439;HAS2018;25-06-2018;Consumer Discretionary;Cyclical;5,8;HACK;HACK;283;2039;2018;2;11,12876712;11563,50672;0,041883812;0,125640216;0,96614735;0,224657742;5262,99;Large;Large Cap;early;-0,04955537;-0,021061151;0,051397969;0,007379124;-0,188551561;-0,463276836;0,00021201;3,26E-05
HBI;16-08-2022;-0,14393359;-0,092591335;-0,021115706;-0,049481595;HBI2022;16-08-2022;Consumer Discretionary;Cyclical;51;HACK;HACK;84;75106;2022;3;6,523287671;3661,10441;-0,019558183;-0,319396179;10,27211849;0,036657064;6503,88;Large;Small Cap;modern;-0,249865272;-0,269133781;0,014758884;-0,017739362;-0,158699485;-0,494339623;0,001643081;0,001360078
HCC;13-12-2023;-0,014832471;-0,075063517;-0,011522194;0,010347454;HCC2023;13-12-2023;Materials;Cyclical;1,143;HACK;HACK;137;19794;2023;4;7,136986301;2896,93811;0,203062038;0,255344246;0,092423041;0,31318576;2357,06;Large;Small Cap;recent;-0,217765324;-0,116959874;-0,036874122;-0,016295633;-0,058067753;-0,378531073;0,001961096;0,001775163
HFFG;23-03-2023;-0,021840934;0,063426443;0,037160071;0,075005463;HFFG2023;23-03-2023;Consumer Staples;Defensive;1,049;HACK;HACK;238;982;2023;5;10,80821918;198,71436;-0,003644471;-0,007583871;0,508374003;0,025534768;596,52;Small;Small Cap;recent;0,050653082;0,008818772;-0,024001958;0,000845037;-0,20602162;-0,604395604;0,001033551;0,000594183
HON;30-04-2021;-0,011637802;0,00998482;-0,001964589;0,018915611;HON2021;30-04-2021;Industrials;Cyclical;99;HACK;HACK;73;3567;2021;6;4,506849315;153326,72;0,085962463;0,298454413;0,92029727;0,16998604;64470;Large;Large Cap;modern;-0,04812782;-0,064317107;0,003131371;0,000280735;0,435681966;-0,058823529;0,000874543;3,89E-05
HON;16-06-2023;0,039716565;0,005906645;-0,008203765;-0,003848129;HON2023;16-06-2023;Industrials;Cyclical;95;HACK;HACK;20;118379;2023;6;3,950684932;132791,214;0,091962617;0,356836529;1,226728052;0,128809427;61525;Large;Large Cap;recent;-0,015267694;0,007148356;-0,018608322;0,003120935;0,416666667;-0,333333333;0,002544125;0,001771115
HQY;12-06-2018;-0,045257048;-0,008157416;-0,00115268;0,007420061;HQY2018;12-06-2018;Health Care;Defensive;1,141;HACK;HACK;62;165800;2018;3;32,81369863;4905,75776;0,144895454;0,154898874;0;0,708752274;510,02;Large;Small Cap;early;-0,101063497;-0,111648597;0,011509919;-0,016527363;0,088;0,088;0,000848042;0,000128617
HQY;26-07-2024;-0,067808228;0,058805152;-0,017989745;-0,036405283;HQY2024;26-07-2024;Health Care;Defensive;3,12;HACK;HACK;139;4300000;2024;6;39,02191781;6902,11136;0,028041641;0,045724383;0,52414546;0,085818097;3448,55;Large;Large Cap;recent;;;;;0,046872753;0,308411215;0,002580645;0,000161838
HSIC;16-10-2023;-0,083657987;-0,060419678;-0,006286766;-0,029551237;HSIC2023;15-10-2023;Health Care;Defensive;25;HACK;HACK;18;166432;2023;2;6,821917808;9480,3408;0,039345503;0,113816689;0,677701778;0,016173272;10573;Large;Large Cap;recent;0,003026627;-0,005134858;-0,017613423;0,002810255;-0,084415584;-0,357142857;0,004160704;0,003458068
HUM;04-06-2018;0,004605813;-0,016292906;-0,003074458;-0,001938761;HUM2018;04-06-2018;Health Care;Defensive;41,6;HACK;HACK;138;6836;2018;2;1,797260274;39271,04856;0,066225947;0,165633304;0,597283732;0,092196907;25413;Large;Large Cap;early;-0,116352233;-0,035264993;-0,062225426;-0,016447687;0,164006839;0,095041322;0,000450522;0,000242705
HUM;03-06-2019;0,105108666;-0,047810615;-0,006899701;-0,036358502;HUM2019;03-06-2019;Health Care;Defensive;46;DISC;DISC;80;863;2019;2;39,81643836;38324,98155;0,093107244;0,224889923;0,507933871;0,139437298;29074;Small;Large Cap;early;0,110843041;-0,037298609;-0,064815367;-0,041848819;-0,114759632;-0,01971831;0,000450522;0,000120681
HUM;20-08-2020;-0,011130027;-0,060014411;0,009013355;-0,037797124;HUM2020;20-08-2020;Health Care;Defensive;48,7;HACK;HACK;25;564;2020;5;28,87123288;53863,898;0,096285281;0,245265152;0,52039627;0,133632646;34969;Small;Large Cap;modern;0,057534133;0,034580497;0,032774617;0,015675337;-0,082322506;-0,102040816;0,000424021;8,28E-05
HUM;12-11-2021;-0,078131573;-0,02885438;-0,015663753;-0,013946905;HUM2021;12-11-2021;Health Care;Defensive;95,5;HACK;HACK;79;1965;2021;6;22,30958904;49125,0828;0,066121106;0,182400498;0,822450249;0,076513819;44358;Large;Large Cap;modern;0,128007069;0,019366053;0,025992453;0,003438307;0,033858998;-0,068181818;0,000424021;0,000102561
HUM;08-09-2022;0,008226885;-0,045460423;-0,028361773;-0,036534099;HUM2022;08-09-2022;Health Care;Defensive;67,1;HACK;HACK;124;999;2022;5;22,54520548;60196,70825;0,065172454;0,183266932;0,766377114;0,117547323;43055;Small;Large Cap;modern;-0,025848795;0,058073407;-0,002950902;-0,008570742;0,098332572;0,030150754;0,000424021;0,000102452
HUM;15-12-2023;-0,01455262;-0,05776684;-0,002546257;-0,01893091;HUM2023;15-12-2023;Health Care;Defensive;67,6;HACK;HACK;199;49999;2023;6;16,32876712;57329,1672;0,052884309;0,153056205;0,753228385;0,09973441;47065;Large;Large Cap;recent;-0,075690497;-0,022212497;-0,020881663;-0,000470231;-0,036479868;-0,006329114;0,001404569;0,001086982
HZO;16-07-2024;0,171111853;0,119216723;0,018952591;-0,039282854;HZO2024;16-07-2024;Consumer Discretionary;Cyclical;4,05;HACK;HACK;128;123494;2024;3;33,13972603;791,97072;0,014612287;0,039010243;0,53695602;0,08611138;2605,07;Large;Small Cap;recent;0,073066665;-0,011669618;0,00195343;-0,007213063;-0,068426198;-0,272727273;0,001272062;0,000691196
INSM;17-09-2018;-0,285440187;0,043731629;0,016935205;0,116800614;INSM2018;17-09-2018;Health Care;Defensive;0,373;UNKN;OTHER;63;522;2018;2;41,82739726;1476,5828;-0,536388689;-1,557032833;1,519969654;0,818901806;604,56;Small;Small Cap;early;0,147062763;0,087612642;0,017304648;0,017130554;0,081182796;-0,183333333;0,000503525;0,000153939
JOB;07-10-2022;-0,075170444;-0,029683817;0,00651279;-0,046806655;JOB2022;07-10-2022;Industrials;Cyclical;0,251;HACK;HACK;227;16326;2022;6;25,81369863;72,690828;0,076263432;0,086165726;0,039432393;0,181961731;123,49;Large;Small Cap;modern;-0,126068764;-0,08755577;-0,030841192;-0,043219119;0,13135656;-0,305263158;0,000583029;-0,000150089
JPM;05-12-2013;0,009940215;-0,007814412;-0,006799625;0,006235951;JPM2013;05-12-2013;Financials;Cyclical;251,196;UNKN;OTHER;143;1292;2013;5;40,96986301;214811,8165;0,007419415;0,089606039;2,67420258;0,016463626;2415689;Small;Large Cap;early;-0,005496623;-0,036273547;-0,026119978;0,000399362;0,076274233;-0,481888035;0,000927545;0,000623944
JWN;07-11-2018;-0,12777253;-0,038882342;0,002737609;-0,007845628;JWN2018;07-11-2018;Consumer Discretionary;Cyclical;71;DISC;DISC;29;107106;2018;4;44,02465753;10631,696;0,071519148;0,64604811;3,075601375;0,121354299;7886;Large;Large Cap;early;-0,042507122;-0,030140756;-0,012558924;-0,02217806;0,215419501;0,183673469;0,000530026;2,38E-05
KELYA;09-03-2012;-0,096777123;-0,001643987;-0,005403765;-0,004026569;KELYA2012;09-03-2012;Industrials;Cyclical;7,1;DISC;DISC;89;7;2012;6;2,917808219;558,372;0,030629088;0,067611336;0,086504723;0,046646696;1635,7;Small;Small Cap;early;-0,005485156;0,059158172;0,032950952;0,017056338;0,004802005;-0,426160338;0;0
KR;25-05-2016;0,025704195;0,02160961;0,018804258;0,020718507;KR2016;25-05-2016;Consumer Staples;Defensive;443;HACK;HACK;126;20;2016;4;28,69863014;32820,48;0,054102178;0,294864139;1,888922066;0,008820709;36505;Small;Large Cap;early;0,026950569;-0,008823388;-0,00113881;-0,005413647;-0,175081539;-0,371428571;0,000132506;-1,91E-05
KRYS;30-01-2024;-0,171261524;-0,15931803;-0,027830945;-0,040118896;KRYS2024;30-01-2024;Health Care;Defensive;0,275;UNKN;OTHER;75;598;2024;3;41,13972603;3429,07746;0,084443826;0,094210571;0,007672394;0,326626812;1055,84;Small;Small Cap;recent;;;;;0,126744186;-0,023255814;0,001515762;0,000184409
LCUT;16-04-2021;-0,10038556;0,009531512;0,002668251;0,004334439;LCUT2021;16-04-2021;Consumer Discretionary;Cyclical;1,35;HACK;HACK;66;1386;2021;6;25,82739726;317,71974;0,025089437;0,081366421;1,373305274;0,033750908;829,07;Small;Small Cap;modern;-0,084301244;0,044513811;-0,036485991;-0,02679162;0,057412373;-0,510869565;0,00082154;4,63E-05
LDI;24-04-2023;0,121495424;0,060245851;-0,041314782;-0,011724701;LDI2023;24-04-2023;Financials;Cyclical;4,25;HACK;HACK;264;1364;2023;2;11,69315068;315,03396;-0,017906217;-0,311981645;6,580565942;0,107413729;6151,05;Small;Small Cap;recent;-0,060131083;-0,139333815;0,066987451;-0,001618486;0,125432579;-0,171270718;0,003233158;0,002633627
LEVI;20-06-2024;-0,295497654;-0,051619554;-0,001132113;-0,007023174;LEVI2024;20-06-2024;Consumer Discretionary;Cyclical;18,7;HACK;HACK;7;72231;2024;5;37,55616438;9307,62184;0,033032703;0,106876427;1,120426288;0,108226806;6375,5;Large;Large Cap;recent;;;;;-0,100361982;-0,553047404;0,001843831;0,000992736
LSTR;21-03-2016;0,010895731;0,055314632;-0,00366563;0,009913771;LSTR2016;21-03-2016;Industrials;Cyclical;1,197;DISC;DISC;26;1362;2016;2;8,279452055;2815,27902;0,125251803;0,253153125;0,254911466;0,16313922;1096,59;Small;Small Cap;early;-0,040600053;-0,020262576;-0,028748774;-0,017762986;-0,00837686;-0,547945205;0,000318016;2,29E-05
LUV;20-04-2018;-0,081880732;-0,020002283;0,003938152;-0,006977386;LUV2018;20-04-2018;Industrials;Cyclical;58,803;HACK;HACK;201;36485;2018;6;7,263013699;30282,6444;0,09392981;0,250177611;0,342738252;0,070647411;26243;Large;Large Cap;early;0,02720203;0,031792225;0,001566179;0,004153017;0,265900855;0,064220183;0,000238512;7,48E-05
LUV;23-06-2023;0,248248387;0,078959155;0,00707741;0,042935862;LUV2023;23-06-2023;Industrials;Cyclical;74,806;HACK;HACK;54;3009;2023;6;21,75616438;20448,46564;0,012744265;0,044222539;0,874940561;0,254556417;36487;Large;Large Cap;recent;0,145843562;0,11538059;0,098395569;0,050677068;0,11991356;-0,154811715;0,004001696;0,003318499
M;03-07-2018;-0,12634282;-0,093579253;-0,019504391;-0,057006828;M2018;03-07-2018;Consumer Discretionary;Cyclical;130;HACK;HACK;68;162507;2018;3;24,1890411;11236,7808;0,057726373;0,172156619;0,738191423;0,060539752;19194;Large;Large Cap;early;0,072594102;0,022410984;-0,058372373;-0,02136495;0,121599506;0,007874016;0,000530026;-0,000118567
M;14-11-2019;0,064420809;-0,051493741;0,031196811;-0,068138182;M2019;14-11-2019;Consumer Discretionary;Cyclical;123;HACK;HACK;38;135152;2019;5;26,30410959;4966,12817;0,026638957;0,088442841;1,162145209;0,032354053;21172;Large;Small Cap;early;-0,234556851;-0,211442053;0,167580249;-0,017597097;-0,248048688;-0,240174672;0,000530026;-0,00011393
MATV;03-10-2022;0,02087098;0,006666689;0,008403072;0,040148939;MATV2022;03-10-2022;Materials;Cyclical;7,5;HACK;HACK;104;9268;2022;2;33,81369863;1212,8544;-0,001798757;-0,00559654;1,485118291;0,033903848;3669,2;Large;Small Cap;modern;-0,174231754;-0,064633118;-0,044132943;-0,008210319;-0,02960023;-0,482071713;0,000530026;0,000210176
MDU;22-07-2019;0,032464366;0,002765393;-0,009713103;-0,016022086;MDU2019;22-07-2019;Utilities;Defensive;13,359;STAT;OTHER;90;3;2019;2;38,46575342;5252,06464;0,043661385;0,117816655;0,828348868;0,00865007;7683,06;Small;Large Cap;early;-0,005362119;-0,021532464;-0,050350373;-0,011194248;0,118254469;-0,206666667;0,000450522;0,000138065
MEG;06-09-2022;-0,036928453;0,027423327;0,021917144;0,01463421;MEG2022;06-09-2022;Industrials;Cyclical;2,9;HACK;HACK;90;269;2022;3;33,81369863;1177,08879;-0,040179868;-0,101597448;0,645358843;0,113431509;791,91;Small;Small Cap;modern;-0,353170276;-0,362829635;-0,01170939;-0,002556524;0,020530367;-0,428571429;0,00082154;0,000372532
MFA;01-09-2021;-0,033093274;-0,035865563;-0,008854076;-0,034099298;MFA2021;01-09-2021;Financials;Cyclical;0,298;HACK;HACK;175;13006;2021;4;30,8109589;2076,2448;0,035982629;0,129341028;2,526395213;0,033337681;9139,69;Large;Small Cap;modern;-0,050379938;-0,055660574;-0,020888247;-0,023496497;-0,010499193;-0,663591199;0,001298564;0,000941059
MGM;05-10-2023;0,007302098;0,01384659;0,03054322;0,036512306;MGM2023;05-10-2023;Consumer Discretionary;Cyclical;76;HACK;HACK;24;811740;2023;5;43,23287671;11481,498;0,027008431;0,300251104;8,302127431;0,069103926;42368,55;Large;Large Cap;recent;-0,07641652;-0,131941343;-0,009644223;0,002514562;0,07505176;-0,341614907;0,002544125;0,002332166
MGRC;15-12-2021;0,014526753;0,013150376;0,013022706;0,045133269;MGRC2021;15-12-2021;Industrials;Cyclical;1,184;HACK;HACK;151;6686;2021;4;6,284931507;1801,7902;0,056208747;0,122544299;0,597588047;0,000934254;1595,93;Large;Small Cap;modern;0,112280359;0,073888738;0,000318779;0,011621021;-0,007246376;-0,333333333;0,000503525;0,000195427
MKSI;15-02-2023;-0,013934503;-0,067540138;0,004318928;-0,017346488;MKSI2023;15-02-2023;Information Technology;Sensitive;10,2;HACK;HACK;2;1064;2023;4;42,02465753;6665,247;-0,201908313;-0,7447411;2,03236246;0,095964027;9118;Small;Large Cap;recent;0,036728218;0,025064845;0,061648749;0,017389674;-0,033915898;-0,253246753;0,002835639;0,001392806
ML;24-09-2021;-0,434028259;-0,300446974;-0,009253354;-0,202765568;ML2021;24-09-2021;Financials;Cyclical;0,556;HACK;HACK;87;94;2021;6;33,81369863;1989,05966;-0,37079534;-0,822161275;0,841698093;0,410472842;491,54;Small;Small Cap;modern;0,2586576;0,220437625;-0,021469018;0,120126435;0,742869128;-0,194630872;0,002411618;0,002002285
MMC;26-11-2013;-0,001394579;-0,004700978;-0,001471822;-9,42E-05;MMC2013;26-11-2013;Financials;Cyclical;55;HACK;HACK;178;86;2013;3;8,389041096;26069,5168;0,07991755;0,171663504;0,373814042;0,135630153;16980;Small;Large Cap;early;0,026405501;0,009814279;0,016801579;-0,00360401;0,116402116;-0,216931217;0,000318016;0,000266641
MMS;18-06-2021;-0,074264068;-0,037854295;0,021063442;0,008815303;MMS2021;18-06-2021;Industrials;Cyclical;35,8;HACK;HACK;32;334690;2021;6;2,884931507;5577,71862;0,070697372;0,196713028;1,153486826;0,032790033;4118,97;Large;Large Cap;modern;-0,012434205;-0,061672905;-0,026014735;0,009561786;0,238041217;-0,048780488;0,000583029;1,86E-05
MMS;01-11-2022;0,044680539;0,023174848;-0,000884191;-0,037180846;MMS2022;01-11-2022;Industrials;Cyclical;39,6;DISC;DISC;64;57;2022;3;23,84109589;5075,64358;0,040592133;0,097007198;0,856926495;0,016409516;3985,8;Small;Large Cap;modern;0,054197422;0,06774449;0,018548024;-0,012423427;-0,233516483;-0,214285714;0,00143107;0,000719977
MMS;28-07-2023;-0,091430397;-0,059069077;-0,008189722;-0,006248419;MMS2023;28-07-2023;Industrials;Cyclical;39,6;HACK;HACK;62;9179226;2023;6;23,84109589;5075,64358;0,040592133;0,097007198;0,856926495;0,016409516;3985,8;Large;Large Cap;recent;0,054197422;0,06774449;0,018548024;-0,012423427;-0,233516483;-0,214285714;0,00143107;0,000719977
MODG;07-08-2023;-0,112557216;-0,131318431;-0,023117759;-0,095469712;MODG2023;07-08-2023;Consumer Discretionary;Cyclical;32;HACK;HACK;6;14048;2023;2;60,03561644;3528,877;0,010415981;0,0244959;1,11507916;0,043144091;9120,6;Large;Small Cap;recent;-0,04047927;-0,066147331;0,007715433;-0,000700883;-0,117863199;-0,396551724;0,002226109;0,0019094
MOH;21-12-2017;0,065973292;0,024174657;-0,017451735;0,025602662;MOH2017;21-12-2017;Health Care;Defensive;20;DISC;DISC;69;1380;2017;5;42,81917808;4704;-0,060441506;-0,382946896;1,622288706;0,376106717;8471;Small;Small Cap;early;-0,047199476;0,014113378;0,009598016;0,008779235;-0,027802465;-0,533875339;0,000636031;0,000109727
MRTN;25-03-2022;-0,203848521;-0,095609985;-0,014071765;-0,04653713;MRTN2022;25-03-2022;Industrials;Cyclical;4,575;HACK;HACK;176;35294;2022;6;2,750684932;1538,75155;0,114276069;0,156770878;0,001008639;0,083464588;965,68;Large;Small Cap;modern;-0,0474309;0,012930913;-0,00432491;0,010619075;-0,043233083;-0,293233083;0,000106005;-6,91E-05
MRTN;15-05-2023;0,078157762;0,0260723;0,002653268;0,021060415;MRTN2023;15-05-2023;Industrials;Cyclical;4,213;HACK;HACK;118;13;2023;2;40,88493151;1682,34528;0,071059506;0,092915634;0,000682611;0,053732106;990,34;Small;Small Cap;recent;-0,073912835;-0,043406075;-0,014668163;-0,015677005;-0,092593689;-0,385826772;0,000662532;0,000486816
MS;10-07-2020;-0,015304137;0,02565842;0,025529679;0,009262032;MS2020;10-07-2020;Financials;Cyclical;68,097;DISC;DISC;1592;14256250;2020;6;1,290410959;85975,23624;0,009854265;0,11883585;2,950286931;0,094683751;1115862;Large;Large Cap;modern;0,092313814;0,09560951;0,048292445;0,028842725;0,04980201;-0,397959184;0,002279112;0,001144632
MS;02-07-2021;-0,01779934;-0,023196695;-0,018718504;-0,043103729;MS2021;02-07-2021;Financials;Cyclical;74,814;HACK;HACK;163;33443;2021;6;27,87123288;163080,3285;0,012653391;0,153893399;3,075738809;0,107499958;1188140;Large;Large Cap;modern;-0,161784792;-0,155996378;-0,073953057;-0,04063017;-0,038660534;-0,436619718;0,002120104;0,001106909
MTX;24-11-2020;-0,047534183;-0,032136975;-0,022669566;-0,053249585;MTX2020;24-11-2020;Materials;Cyclical;3,566;HACK;HACK;35;1200;2020;3;6,317808219;2066,802;0,035022123;0,07694414;0,681202081;0,114569702;3209,4;Small;Small Cap;modern;0,139472588;0,051186719;0,012313704;-0,003992613;-0,061769055;-0,375722543;0,000318016;0,000151958
MTZ;20-11-2023;0,239914546;0,126585898;0,037470873;0,044556164;MTZ2023;20-11-2023;Industrials;Cyclical;34;HACK;HACK;177;22009;2023;2;35,55342466;4231,1736;-0,00532874;-0,018457574;1,29184983;0,05649548;9373,51;Large;Small Cap;recent;0,201508655;0,245725262;0,033896083;0,006772671;0,111617578;-0,202898551;0,002173106;0,001798586
MXL;11-06-2020;0,141693434;-0,000573213;-0,009320642;-0,003221767;MXL2020;11-06-2020;Information Technology;Sensitive;1,42;HACK;HACK;57;2689;2020;5;1,380821918;1487,73856;-0,096428942;-0,252080579;1,003786591;0,145632711;1022,44;Large;Small Cap;modern;0,161186973;0,185273515;0,118525372;0,030813228;0,054782001;-0,282296651;0,000424021;6,20E-05
MYRG;16-05-2016;-0,050227088;-0,039217508;-0,019806291;-0,02374652;MYRG2016;16-05-2016;Industrials;Cyclical;4,6;HACK;HACK;32;6878;2016;2;19,44383562;382,84552;0,037369114;0,081432816;0,24313952;0,041580136;573,5;Large;Small Cap;early;-0,030208164;0,041834474;-0,055264666;-0,016047231;0,024008157;-0,056451613;0,000238512;-2,11E-05
MYRG;09-09-2020;-0,005595603;-0,050196155;-0,00741556;-0,026953611;MYRG2020;09-09-2020;Industrials;Cyclical;7,2;UNKN;OTHER;127;844;2020;4;32,31780822;603,09336;0,059003333;0,136875478;0,121317158;0,022762259;995,86;Small;Small Cap;modern;0,175921218;0,088479683;0,112685766;0,047784945;-0,041666667;-0,2;0,000583029;0,00018165
NTRA;15-07-2019;-0,125237154;-0,027064561;-0,007400071;0,028166788;NTRA2019;15-07-2019;Health Care;Defensive;1,039;HACK;HACK;348;3035;2019;2;10,69315068;2000,0482;-0,214237904;-0,447872527;0,379217182;0,106282266;582,66;Large;Small Cap;early;0,248053055;0,110854798;-0,062061818;0,022498887;0,040176778;-0,328244275;0,000874543;0,000442511
OII;01-03-2024;0,051431006;-0,085957742;-0,010623543;-0,019562736;OII2024;01-03-2024;Energy;Sensitive;10,4;DISC;DISC;60;1776;2024;6;52,47123288;1989,06136;0,063119049;0,206462922;1,192493199;0,212946108;2336,35;Small;Small Cap;recent;;;;;0,084597701;0,146666667;0,001690592;0,000145091
OKTA;01-11-2023;-0,208662089;-0,037993301;-0,033000603;-0,046814131;OKTA2023;01-11-2023;Information Technology;Sensitive;5,908;HACK;HACK;39;4961;2023;4;6,539726027;11265,96366;-0,039492713;-0,06029212;0,220278533;0,037156525;8989;Large;Large Cap;recent;0,152062367;0,245355152;-0,010546653;-0,003004824;0,187341095;-0,234042553;0,004558223;0,002988465
ONTF;29-10-2021;-0,093623591;-0,043431604;-0,006896402;-0,015597344;ONTF2021;29-10-2021;Information Technology;Sensitive;0,717;HACK;HACK;121;1160;2021;6;29,36986301;912,06297;-0,050481905;-0,068309443;0,011247853;0,343291938;480,49;Small;Small Cap;modern;-0,001565825;0,141465876;0,147143033;0,080737309;-0,015001974;-0,073825503;0,002067101;0,000778243
PBYI;04-04-2022;0,026590024;0,222377307;0,064210739;0,034944403;PBYI2022;04-04-2022;Health Care;Defensive;0,192;HACK;HACK;357;11;2022;2;17,23561644;138,11108;9,01E-06;9,26E-05;5,288828212;0,343156548;222,06;Small;Small Cap;modern;-0,593006896;-0,467409575;-0,185864831;-0,064538341;0,144534041;-0,350515464;0,001484073;0,000936102
PBYI;17-05-2023;0,224907343;-0,033269355;-0,038641315;0,059653788;PBYI2023;17-05-2023;Health Care;Defensive;0,185;HACK;HACK;390;1933;2023;4;11,22191781;136,27042;0,093658905;0,404008084;2,086186894;0,366918552;230,53;Large;Small Cap;recent;-0,258215073;-0,299578728;-0,103501532;-0,092228721;0,297883885;-0,052631579;0,002438119;0,001637651
PCAR;14-02-2018;-0,020330342;-0,006966517;-0,015970315;-0,007945413;PCAR2018;14-02-2018;Industrials;Cyclical;28;UNKN;OTHER;23;251;2018;4;43,90410959;23617,324;0,086141808;0,255455085;0,778980321;0,134834239;25482,4;Small;Large Cap;early;0,008289792;-0,007205062;-0,037900751;-0,007788504;0,032173645;-0,40625;0,000132506;5,84E-05
PEP;07-10-2022;0,00853638;0,030431661;0,004274177;0,053427251;PEP2022;07-10-2022;Consumer Staples;Defensive;315;UNKN;OTHER;590;949;2022;6;9,279452055;224175,6;0,096651372;0,519563823;2,400664762;0,053738597;92187;Small;Large Cap;modern;0,00753757;0,017574001;-0,004555847;0,002760139;-0,106642419;-0,374868004;0,000424021;0,000141794
PK;16-09-2019;0,100229336;0,031738713;-0,009466131;-0,002506079;PK2019;16-09-2019;Real Estate;Cyclical;0,488;HACK;HACK;68;469;2019;2;27,39178082;6240,81909;0,027103632;0,047105911;0,635929803;0,03064659;11290;Small;Large Cap;early;-0,603855701;-0,215303135;-0,107807346;-0,007284403;-0,038832648;-0,357798165;0,000689034;0,000185652
PLUG;15-12-2023;0,077642095;-0,006548299;-0,069197487;-0,100818559;PLUG2023;15-12-2023;Industrials;Cyclical;3,868;HACK;HACK;277;8323;2023;6;49,20273973;2903,39144;-0,279197665;-0,472316757;0,334302351;0,027542365;4902,74;Large;Small Cap;recent;-0,07714095;0,157331379;0,097279957;0,006747415;0,000342712;-0,560538117;0,002093603;0,001496337
PSA;25-09-2013;0,052989627;-0,011637184;0,001710057;-0,005753311;PSA2013;25-09-2013;Real Estate;Cyclical;5,2;DISC;DISC;21;745;2013;4;6,049315068;27564,89472;0,106563857;0,201263475;0,160454407;0,001940916;9876,27;Small;Large Cap;early;0,011200334;0,005869653;0,007778025;0,013858662;-0,057710249;-0,292682927;0,000159008;-2,55E-06
R;28-05-2019;-0,057681301;-0,085915739;0,005680093;-0,029388814;R2019;28-05-2019;Industrials;Cyclical;39,9;HACK;HACK;68;729;2019;3;23,51780822;2867,95474;-0,001686317;-0,009857409;3,11865558;0,005083406;14475,33;Small;Small Cap;early;0,025494822;0,113517509;-0,09730378;-0,081545245;-0,19259037;-0,345132743;0,000450522;0,000143183
R;08-06-2021;-0,153640262;-0,082942048;-0,01525436;-0,02819004;R2021;08-06-2021;Industrials;Cyclical;42,8;HACK;HACK;176;3563;2021;3;28,97534247;4312,26413;0,037518352;0,185507869;2,478773357;0,016911633;13834,32;Large;Small Cap;modern;0,135059259;0,123686203;-0,010729443;-0,01471177;0,017261858;-0,352601156;0,000556527;6,23E-05
RARE;01-04-2016;0,295942302;0,219803633;0,027372177;0,116929765;RARE2016;01-04-2016;Health Care;Defensive;0,376;UNKN;OTHER;1;280;2016;6;16,44383562;2610,9044;-0,454794997;-0,518749974;0;0,298024882;540,63;Small;Small Cap;early;0,053524889;0,092961368;0,109930371;0,019220704;0,197061947;-0,238938053;0,00082154;0,000198863
REGN;26-07-2010;-0,061614628;-0,003091337;-0,022608092;-0,046407053;REGN2010;26-07-2010;Health Care;Defensive;1,395;HACK;HACK;38;9;2010;2;12,39178082;2146,9742;-0,095892171;-0,197925409;0,303193354;0,10333091;1089,43;Small;Small Cap;early;0,042865638;0,013937991;-0,028008059;-0,001277051;0,011269229;0,340782123;0,00021201;9,86E-05
REGN;22-05-2024;0,01363701;-0,004803817;0,001077943;-0,010539933;REGN2024;22-05-2024;Health Care;Defensive;15,106;HACK;HACK;91;6367;2024;4;38,02465753;108936,92;0,116860967;0,150325684;0,100117192;0,065896174;37759,4;Large;Large Cap;recent;;;;;0,021714121;0,289473684;0,001257009;0,000236504
RHP;01-04-2016;0,00818855;-0,019923822;-0,006039354;-0,011083878;RHP2016;01-04-2016;Real Estate;Cyclical;0,807;DISC;DISC;9;2478;2016;6;40,02191781;2598,50448;0,066243708;0,433063313;4,08306046;0,024577752;2405,75;Large;Small Cap;early;-0,034818144;-0,049015619;-0,039112401;-0,004126497;-0,02493695;-0,201970443;0,000106005;1,71E-05
RILY;27-09-2019;-0,055452606;-0,094105377;-0,010928794;-0,043168189;RILY2019;27-09-2019;Financials;Cyclical;0,982;UNKN;OTHER;137;102;2019;6;37,77260274;651,10408;0,035204803;0,226282371;2,403743138;0,044978427;2318,18;Small;Small Cap;early;-0,213866746;-0,184853655;-0,081362593;-0,044176261;-0,006280001;-0,598513011;0,00143107;0,000564725
RLGT;09-08-2023;-0,041383554;-0,084232768;-0,029317336;-0,090165649;RLGT2023;09-08-2023;Industrials;Cyclical;0,931;HACK;HACK;70;238;2023;4;2,293150685;341,23761;0,020703962;0,036706757;0,276912716;0,067012406;371,19;Small;Small Cap;recent;0,015117551;0,057042369;-0,022348317;-0,039273367;0,403393301;0,132075472;0,001616579;0,001145178
ROKU;12-04-2024;0,032038114;0,111101547;0,025486879;0,035928052;ROKU2024;12-04-2024;Communication Services;Sensitive;3,34;HACK;HACK;106;15363;2024;6;38,02465753;9039,1245;-0,030062271;-0,051905195;0,237460671;0,501921382;4303,93;Large;Large Cap;recent;;;;;0,140350878;-0,526315789;0,002015621;-0,000387336
ROL;27-03-2013;-0,044703163;-0,000751635;0,006344152;0,002583216;ROL2013;27-03-2013;Industrials;Cyclical;10,649;DISC;DISC;15;25;2013;4;49,89041096;3569,29208;0,166838696;0,281411507;0;0,159920565;739,22;Small;Small Cap;early;0,00898944;-0,007789295;0,006960773;0,011388406;0,142207674;-0,276595745;5,30E-05;-0,000147639
RSG;20-09-2021;-0,068476493;-0,016753386;-0,002413164;-0,004889978;RSG2021;20-09-2021;Industrials;Cyclical;35;HACK;HACK;961;6441;2021;2;23,73424658;39155,168;0,051709076;0,143714709;1,09496709;0,001162092;24955;Large;Large Cap;modern;-0,07103118;-0,081715319;-0,006427076;-0,012619758;0,006162949;-0,683060109;0,000159008;4,78E-05
RSG;03-06-2022;-0,041593859;-0,027940115;-0,010881017;-0,01953451;RSG2022;03-06-2022;Industrials;Cyclical;40;UNKN;OTHER;55;1;2022;6;4,64109589;42796,779;0,05120315;0,15358249;1,247305389;0,004935824;29052,9;Small;Large Cap;modern;0,071710566;0,03683293;-0,014776665;-0,00436233;0,03263031;-0,650429799;0,000159008;4,57E-05
SBH;28-05-2015;-0,019963778;-0,01865623;-0,015285797;-0,020686111;SBH2015;28-05-2015;Consumer Discretionary;Cyclical;28,33;HACK;HACK;83;3637798;2015;5;7,284931507;4854,0366;0,112248138;-0,789356694;-6,002242958;0,066864628;2094,35;Large;Small Cap;early;0,176119634;0,147929976;0,092828414;-0,000573924;-0,068893153;-0,472118959;0,00265013;0,001203937
SITE;30-10-2020;-0,070023361;0,083766014;0,034856801;0,03893378;SITE2020;30-10-2020;Industrials;Cyclical;4,9;HACK;HACK;120;15390;2020;6;13,6109589;5511,40713;0,07153388;0,152578616;0,714465409;0,032552928;1695,7;Large;Large Cap;modern;0,077069249;0,085468916;0,081638748;0,022602707;-0,034633215;-0,139896373;0,000901044;0,000378253
SLAB;04-04-2016;-0,018623321;-0,003067188;-0,003578186;-0,017864522;SLAB2016;04-04-2016;Information Technology;Sensitive;1,252;DISC;DISC;41;969;2016;2;23,54520548;1924,79955;0,056841837;0,074361697;0,087670716;0,130431005;1081,84;Small;Small Cap;early;0,008632168;0,073105232;0,018056698;0,027251169;0,002688172;-0,080645161;0,000397519;5,81E-05
SNA;07-04-2022;0,111990152;0,050358431;0,017735013;0,041533791;SNA2022;07-04-2022;Industrials;Cyclical;12,9;HACK;HACK;37;41052;2022;5;41,81917808;10991,23211;0,130750918;0,203445429;0,279338585;0,108593391;6972,8;Large;Large Cap;modern;0,016337726;-0,000995362;-0,002257589;0,005180846;0,000765246;0,008064516;0,000265013;0,000218678
SOND;14-11-2022;-0,22893043;-0,176743819;-0,094270956;-0,020002019;SOND2022;14-11-2022;Consumer Discretionary;Cyclical;1,695;HACK;HACK;177;13875;2022;2;17,6739726;404,72376;-0,105325836;8,309119166;-75,09069033;0,156724783;1573,61;Large;Small Cap;modern;-0,27004814;-0,34456806;-0,22207439;-0,091521729;0,362802566;-0,176470588;0,001802088;0,000715469
SPLP;29-06-2020;-0,073957907;0,03662175;-0,044114155;0,028267055;SPLP2020;29-06-2020;Industrials;Cyclical;4,3;HACK;HACK;72;23969;2020;2;25,49863014;127,44076;0,018471789;0,135927505;4,876835746;0,034513206;3934,38;Large;Small Cap;modern;0,263867935;0,344357758;0,291702804;0,086243263;0,004317362;-0,704225352;0,001060052;0,000238075
SWK;15-04-2013;-0,103729541;-0,001727074;-0,011471262;0,003399049;SWK2013;15-04-2013;Industrials;Cyclical;50,7;PORT;OTHER;77;7;2013;2;37,02465753;12320,15596;0,029652073;0,072111425;0,560257089;0,03000889;16535,1;Small;Large Cap;early;0,052397746;0,019374317;0,004332065;-0,003266293;-0,069566409;-0,148325359;7,95E-05;-0,000170715
SYF;03-12-2018;-0,034432977;-0,000525236;-0,003822568;0,03836984;SYF2018;03-12-2018;Financials;Cyclical;16,5;UNKN;OTHER;340;28732;2018;2;3,663013699;18673,35882;0,026125552;0,190080392;1,634827633;0,087984119;106792;Large;Large Cap;early;0,089193384;0,061111429;0,011648229;0,000720911;0,043541012;-0,545126354;0,00182859;0,000758741
T;09-04-2024;-0,027219188;-0,059004144;-0,007308565;-0,03190222;T2024;09-04-2024;Communication Services;Sensitive;140,99;DISC;DISC;14;51226382;2024;3;42,02739726;123784,1888;0,027730848;0,104894033;1,384049362;0,008353703;394795;Large;Large Cap;recent;;;;;-0,00970325;-0,264248705;0,001402852;0,000415759
TGT;19-12-2013;-0,001107156;-0,035298726;0,001689774;-0,015686991;TGT2013;19-12-2013;Consumer Staples;Defensive;366;CARD;OTHER;22;4,00E+07;2013;5;5,701369863;40222,76505;0,044239445;0,121434292;0,844187049;0,015599398;44553;Large;Large Cap;early;0,035709046;0,017166042;0,009341315;-0,002434602;-0,289308176;-0,622641509;0,004372714;0,004068261
THG;06-03-2012;-0,043738018;-0,008692497;-0,001877277;-0,008900623;THG2012;06-03-2012;Financials;Cyclical;5,1;PORT;OTHER;66;1;2012;3;21,00273973;1790,163;0,004145377;0,021538106;0,327271326;0,041883885;13484,9;Small;Small Cap;early;0,035207515;0,007588717;-0,004853794;-0,001698763;-0,010216228;-0,583148559;0,000132506;4,68E-05
TILE;11-08-2023;0,105129859;0,061511298;-0,0144636;-0,012883239;TILE2023;11-08-2023;Industrials;Cyclical;3,619;HACK;HACK;300;14776;2023;6;16,72328767;596,81024;0,036189888;0,104513003;1,210129429;0,089828834;1230,1;Large;Small Cap;recent;0,069801463;0,075873467;-0,05502618;-0,019247597;0,057700234;-0,448275862;0,001510574;0,000783585
TMO;02-04-2018;0,027208167;0,000897585;0,003823441;0,007444902;TMO2018;30-03-2018;Health Care;Defensive;70;HACK;HACK;168;2900;2018;2;26,34520548;83022,10812;0,05224783;0,106503299;0,663271225;0,037398634;56232;Large;Large Cap;early;-0,01966589;-0,01587734;-0,024695598;0,00843461;-0,03298439;-0,057777778;0,000397519;0,000247579
TMUS;09-02-2021;-0,115166608;-0,094998528;0,000212304;-0,012327791;TMUS2021;09-02-2021;Communication Services;Sensitive;75;HACK;HACK;22;421;2021;3;11,67123288;157525,8854;0,014639601;0,043761396;1,574730109;0,032101586;206563;Small;Large Cap;modern;0,184686279;0,185697531;0,00873711;0,003127338;0,129023128;-0,528384279;0,001404569;0,00078526
TNDM;16-03-2020;0,091819836;-0,096046226;-0,057344079;0,054890514;TNDM2020;16-03-2020;Health Care;Defensive;1,5;HACK;HACK;59;140838;2020;2;8,15890411;3568,0554;-0,047991737;-0,093861673;0,623302985;0,132064516;716,42;Large;Small Cap;modern;-0,103481509;-0,156527822;-0,101981202;0,014764471;-0,042861505;0,085972851;0,001192558;0,000628083
TROW;02-06-2023;-0,003798677;0,025012453;0,000127834;0,020189407;TROW2023;02-06-2023;Financials;Cyclical;7,906;HACK;HACK;87;684;2023;6;18,71780822;24270,40044;0,145673844;0,188183186;0,041861737;0,174593608;12278,8;Small;Large Cap;recent;0,007510156;-0,011007514;-0,014322212;-0,000112336;0,0743568;-0,185185185;0,001510574;0,001104664
TSLA;18-08-2023;-0,166160669;-0,044249331;0,055970742;0,049424746;TSLA2023;18-08-2023;Consumer Discretionary;Cyclical;140,473;INSD;OTHER;100;75735;2023;6;37,17534247;698215,7;0,140661052;0,239438644;0,15284031;0,153801422;106618;Large;Large Cap;recent;-0,246940358;-0,176908559;-0,032080645;0,013585036;0,116315378;0,163934426;0,002226109;0,001286196
TSN;22-01-2019;0,101881801;0,04625905;0,007798427;0,008495375;TSN2019;21-01-2019;Consumer Staples;Defensive;141;UNKN;OTHER;99;450;2019;3;23,00547945;22311,36;0,06109315;0,143587559;0,776310183;0,014623682;33097;Small;Large Cap;early;0,049187951;0,057742368;0,010000184;0,014629263;-0,070158505;-0,22556391;0,000265013;4,82E-05
TTI;16-02-2016;-0,24684485;-0,16944596;0,01028618;-0,011901657;TTI2016;16-02-2016;Energy;Sensitive;2,4;DISC;DISC;12;10;2016;3;12,22191781;563,4265;-0,12273439;-0,691417976;3,001083405;0,022682701;1315,54;Small;Small Cap;early;-0,23338984;-0,127766244;-0,109878342;-0,028128391;0,016583123;-0,550295858;0,000397519;0,000180682
TYL;13-03-2017;0,018380604;0,033125898;-0,003634794;-0,00079155;TYL2017;13-03-2017;Information Technology;Sensitive;4,069;DISC;DISC;10;7788;2017;2;38,81643836;5895,0616;0,103136528;0,140472833;0;0,116964605;1589,59;Large;Large Cap;early;0,080475186;0,033271879;0,028262744;0,002402751;0,154347826;-0,15;0,000265013;-0,000139711
TYL;19-01-2021;-0,04494975;-0,025133898;0,007031523;-0,005671022;TYL2021;18-01-2021;Information Technology;Sensitive;6,8;HACK;HACK;119;2301;2021;3;22,82739726;17448,1508;0,034119296;0,069473226;0,597311913;0,065333999;4732,16;Large;Large Cap;modern;-0,058577874;-0,080756593;-0,030201676;-0,015831229;0,027304147;-0,475;0,00060953;-0,000279783
UAA;29-03-2018;0,087307712;0,138959827;0,016707653;0,094225005;UAA2018;29-03-2018;Consumer Discretionary;Cyclical;15;HACK;HACK;37;1,50E+08;2018;5;35,81369863;7325,34406;-0,010907364;-0,022957343;0,361368675;0,131307447;4245,02;Large;Large Cap;early;0,03887365;0,00278637;0,029718725;0,035963638;-0,068415718;-0,440613027;0,000344517;0,000153453
UBER;31-03-2023;-0,121230538;-0,042275957;-0,013809685;-0,014355448;UBER2023;31-03-2023;Industrials;Cyclical;30,4;HACK;HACK;67;72000;2023;6;49,89041096;64598,98136;0,04876095;0,167748244;1,044803983;0,120933357;38699;Large;Large Cap;recent;0,093906276;0,052361559;-0,026509122;-0,013485112;0,001433222;-0,418685121;0,002835639;0,001867328
UCTT;23-10-2020;0,068371669;-0,003011065;0,004880371;0,003208222;UCTT2020;23-10-2020;Information Technology;Sensitive;4,996;HACK;HACK;81;5449;2020;6;10,39452055;962,626;0,070385488;0,145700338;0,585429966;0,181678005;1102,5;Large;Small Cap;modern;0,073677709;0,036347031;2,83E-05;-0,055682384;0,16031746;-0,3;0,00021201;-2,68E-05
UMH;15-03-2018;0,200629916;0,077293589;0,017792322;0,01910601;UMH2018;15-03-2018;Real Estate;Cyclical;0,38;DISC;DISC;29;581;2018;5;13,71506849;488,9632;-0,041202021;-0,266454774;3,230462485;0,008456335;878,99;Small;Small Cap;early;0,031079094;-0,002906532;0,01708499;0,012627066;0,112078398;0,118881119;0,000318016;0,00020137
UNM;10-11-2022;-0,168650903;-0,17316683;-0,057981684;-0,064173479;UNM2022;10-11-2022;Financials;Cyclical;10,937;PHYS;OTHER;101;822;2022;5;7,134246575;5007,1566;0,02139175;0,142886654;0,391062789;0,001940265;61434,9;Small;Large Cap;modern;-0,009320665;0,047533818;-0,002627143;-0,012211119;0,041463434;-0,264169068;0,001060052;0,000577438
UNM;03-08-2023;0,070121745;0,026061112;0,002813072;-0,013290802;UNM2023;03-08-2023;Financials;Cyclical;10,812;HACK;HACK;64;650521;2023;5;27,00547945;9515,83612;0,020295565;0,133016972;0,368599374;0,002308111;63255,2;Large;Large Cap;recent;0,068707918;0,044382838;0,007421857;0,006657906;0,120348843;-0,143820225;0,002941644;0,002453279
UTI;13-01-2011;-0,104185621;-0,028131281;-0,004568853;-0,019116122;UTI2011;13-01-2011;Consumer Discretionary;Cyclical;2,26;PORT;OTHER;56;98;2011;5;20,6109589;491,0841;0,102557731;0,191661682;0;0,202080674;265,59;Small;Small Cap;early;-0,08494723;-0,096378279;-0,0036307;0,037678367;0,020780488;-0,451219512;0,000185509;8,71E-05
VBTX;28-12-2020;0,121738051;-0,020688809;-0,009236379;-0,006439879;VBTX2020;28-12-2020;Financials;Cyclical;0,643;HACK;HACK;270;8;2020;2;16,41643836;1240,8507;0,00837593;0,061396438;0,879460784;0,005026374;8820,87;Small;Small Cap;modern;0,077404;0,096735118;0,050322412;-0,013572597;-0,033585844;-0,552486188;0,000715535;-0,000321614
VCYT;03-03-2023;-0,025351428;-0,008466286;-0,037008441;-0,006371706;VCYT2023;03-03-2023;Health Care;Defensive;0,815;DISC;DISC;35;338;2023;6;7,876712329;1765,6865;-0,066735671;-0,071261237;0,012096519;0,194145515;1114,91;Small;Small Cap;recent;-0,192940938;-0,152189471;-0,044453643;-0,01488021;-0,109133864;-0,214723926;0,002491122;0,002019786
VIR;21-05-2021;0,078269587;0,051029075;-0,058265289;-0,011334536;VIR2021;21-05-2021;Health Care;Defensive;0,444;HACK;HACK;113;5;2021;6;2,989041096;5921,91915;0,270476721;0,369161832;0,096021298;0,177977125;1954,27;Small;Large Cap;modern;-0,453636067;-0,438596299;-0,093346096;0,015457691;0,087663003;0,134020619;0,002279112;0,002279112
VOXX;28-09-2020;0,191859521;-0,053888756;-0,024741811;-0,033185646;VOXX2020;28-09-2020;Consumer Discretionary;Cyclical;0,921;HACK;HACK;116;6034;2020;2;19,76164384;181,61352;0,048594999;0,065177267;0,028934937;0,107846875;550,82;Large;Small Cap;modern;-0,231226426;-0,179019701;0,050998093;0,051980887;-0,004085266;-0,583746283;0,001351566;0,001009319
VRA;12-10-2016;-0,104637065;-0,047668131;-0,001884332;-0,022146247;VRA2016;12-10-2016;Consumer Discretionary;Cyclical;3,1;HACK;HACK;79;252;2016;4;46,88767123;526,60972;0,052898324;0,069622885;0;0,231252794;373,51;Small;Small Cap;early;0,05434685;-0,062449946;-0,075154427;-0,006928402;-0,087464789;-0,51;0,000265013;-2,44E-05
VRE;28-02-2023;-0,046861752;-0,039419828;-0,029287841;-0,026083054;VRE2023;28-02-2023;Real Estate;Cyclical;0,197;HACK;HACK;473;7;2023;3;9,78630137;1516,24476;-0,034489174;-0,098270912;1,636293625;0,008641346;3241,05;Small;Small Cap;recent;-0,025780248;-0,039210622;-0,024196547;-0,00768533;-0,1299543;-0,503448276;0,001272062;0,000916525
VRNT;11-05-2018;0,027027673;-0,016082537;-0,002964133;-0,002681519;VRNT2018;11-05-2018;Information Technology;Sensitive;6,1;UNKN;OTHER;287;229;2018;6;33,1260274;2786,45245;0,023017223;0,052825087;0,628540164;0,129044826;2867,03;Small;Small Cap;early;0,142842379;0,121670772;-0,01317472;-0,002789953;0,018341825;-0,322834646;0,000795039;0,000314902
VSH;11-06-2020;-0,159751343;-0,068330681;0,013920992;0,010831442;VSH2020;11-06-2020;Information Technology;Sensitive;21,6;UNKN;OTHER;97;1096;2020;5;16,78356164;2408,5557;0,03896784;0,077986188;0,3192331;0,196506358;3154,47;Small;Small Cap;modern;0,011207415;0,027999642;-0,020394816;0,015544455;-0,013983792;-0,073891626;0,000185509;4,72E-05
VZ;05-02-2024;0,00718128;-0,061081163;-0,009308706;-0,044607167;VZ2024;05-02-2024;Communication Services;Sensitive;99,6;INSD;OTHER;137;63206;2024;2;26,31506849;177353,8605;0,045504288;0,176405978;1,696514405;0,01090169;384711;Large;Large Cap;recent;;;;;0,022359505;-0,190184049;0,001369863;-0,000259916
WEC;10-08-2023;-0,040221858;-0,022415374;0,006750985;-0,017297282;WEC2023;10-08-2023;Utilities;Defensive;7;HACK;HACK;73;17445;2023;5;29,1890411;27531,1668;0,030334754;0,113687928;1,60705208;0,000976338;43939,7;Large;Large Cap;recent;0,037210132;0,005293186;-0,009586654;-0,027465133;0,073013736;-0,129113924;0,0020406;0,001716685
WLDN;04-06-2021;-0,041332747;0,051176826;-0,003079227;0,002672054;WLDN2021;04-06-2021;Industrials;Cyclical;1,56;HACK;HACK;212;840;2021;6;2,224657534;484,24728;-0,021340088;-0,046964362;0,659710637;0,028449224;394,42;Small;Small Cap;modern;0,063834781;-0,06176667;-0,051811633;-0,145020248;-0,01997264;-0,302325581;0,00021201;6,85E-05
WMK;25-11-2022;-0,077478134;-0,006427046;0,000904617;0,002166765;WMK2022;25-11-2022;Consumer Staples;Defensive;23;CARD;OTHER;116;3093;2022;6;7,4;2278,2606;0,063903223;0,096168943;0,14283772;0,080645688;1959,15;Large;Small Cap;modern;-0,012038367;-0,00370909;0,015318272;-0,02477397;-0,056621004;-0,123287671;0,000159008;-0,000231617
WMT;17-10-2019;-0,044342608;-0,022149529;-0,004549502;-0,005272065;WMT2019;17-10-2019;Consumer Staples;Defensive;2200;PORT;OTHER;37;4211;2019;5;38,81643836;338256,3141;0,062923106;0,199292879;0,962353855;0,040021988;236495;Large;Large Cap;early;0,147398644;0,043545968;-0,071547833;-0,03976202;-0,060277719;-0,153061224;0,000742036;-0,000195623
WMT;05-04-2024;-0,023024307;0,009648745;-0,002007682;0,014151299;WMT2024;05-04-2024;Consumer Staples;Defensive;2100;HACK;HACK;217;361;2024;6;37,55616438;477428;0,074517968;0,21355191;0,62678958;0,034506159;260823;Small;Large Cap;recent;;;;;0,099593496;-0,083333333;0,003096594;6,71E-05
YUM;18-01-2023;-0,064707968;-0,047827208;-0,016497427;-0,033399816;YUM2023;18-01-2023;Consumer Discretionary;Cyclical;35;HACK;HACK;5;9999;2023;4;38,81643836;36622,73;0,256299149;-0,203232375;-1,531051158;0,082169796;6231;Large;Large Cap;recent;0,074285649;0,062789096;0,016302327;0,00392788;0,153180307;-0,074889868;0,002544125;0,001591132
ZEUS;24-03-2016;0,157178814;0,0492551;-0,019307341;-0,000756782;ZEUS2016;24-03-2016;Materials;Cyclical;1,66;UNKN;OTHER;6;1705;2016;5;26,76438356;172,99614;-0,001938612;-0,004254312;0,656789929;0,00416316;556,07;Small;Small Cap;early;-0,102335327;-0,230420173;-0,16663578;-0,05920795;0,097923245;-0,610619469;7,95E-05;-2,10E-05
ZEUS;22-05-2019;-0,193281889;-0,085743978;-0,033828384;-0,024251779;ZEUS2019;22-05-2019;Materials;Cyclical;1,86;UNKN;OTHER;28;28;2019;4;38,55616438;159,9918;0,005936372;0,012505189;0,711443415;0,008839898;649,56;Small;Small Cap;early;-0,130812;-0,110562273;-0,057450003;0,012505173;-0,242013889;-0,288888889;7,95E-05;-2,10E-05
