ticker,Event_Date,CAR_10_10,CAR_4_3,CAR_1,CAR_1_3,id_2,reported_date,gics_sector,overall_sector,employee,breach_type,breach_type2,d_since_breach,total_affected,year,weekday,year_since_ipo,market_cap_m,roa,roe,debt_to_equity,cash_ratio,total_assets_m,breach_size_group,market_cap_group,year_group
AAPL,2022-02-28,-0.06141787116916226,-0.016259621609368943,0.004684786487853063,0.010374041554191657,AAPL2022,28/02/2022,Information Technology,Sensitive,164,INSD,OTHER,91,12,2022,2,8.873972603,2628273.611,0.282924409,1.969588728,2.417469214,0.06703236,352755,Small,Large Cap,modern
ABG,2019-07-26,0.09664204403098708,0.07857418490893685,0.05735723949784377,0.039231199590306166,ABG2019,26/07/2019,Consumer Discretionary,Cyclical,8.5,UNKN,OTHER,73,197,2019,6,15.12054795,1730.5728,0.063339402,0.285316417,1.561194492,0.001202212,2911.3,Small,Small Cap,early
ABT,2016-07-19,0.13418146629389432,0.02126615619540299,0.016600141014155564,0.029614822476314213,ABT2016,19/07/2016,Health Care,Defensive,75,UNKN,OTHER,27,1,2016,3,38.90136986,61993.05621,0.026582615,0.068166326,1.007108774,0.353548779,52666,Small,Large Cap,early
ABT,2019-02-06,-0.050716706354050435,-0.0021806781682612996,-0.0028392902775368854,0.002120368185901672,ABT2019,06/02/2019,Health Care,Defensive,107,PORT,OTHER,18,16600,2019,4,33.43835616,128856.5943,0.05431084,0.118598816,0.607887288,0.056859192,67887,Large,Large Cap,early
ACAD,2024-12-04,0.046422285881173427,0.1622041572010542,-0.0223659167287154,0.10487244894046713,ACAD2024,04/12/2024,Health Care,Defensive,0.654,DISC,DISC,41,1,2024,4,37.81643836,2717.3567,0.190654478,0.309024513,0.070954553,0.269069573,1187.76,Small,Small Cap,recent
ACI,2023-04-21,0.006596749828872426,0.03280032941833599,0.00276862126819475,0.02584077787253624,ACI2023,21/04/2023,Consumer Staples,Defensive,285,HACK,HACK,120,32878,2023,6,31.86027397,12062.44512,0.049425844,0.471701547,5.182675159,0.007196494,26221.1,Large,Large Cap,recent
AIR,2019-08-06,0.09979918965478946,0.021353504827307176,-0.006307240689656397,0.01199039793108752,AIR2019,06/08/2019,Industrials,Cyclical,5.4,HACK,HACK,149,4431,2019,3,33.88219178,1384.92762,0.002116402,0.004874806,0.758475515,0.194660895,2079,Large,Small Cap,early
AIRT,2023-01-30,-0.26787690677161424,-0.07706729658917354,0.018757986527511247,-0.02529749516210236,AIRT2023,30/01/2023,Industrials,Cyclical,0.584,HACK,HACK,288,1604,2023,2,25.18082192,68.25196,-0.064860046,-1.032846102,11.55241935,0.030628501,189.56,Small,Small Cap,recent
AJG,2019-11-26,0.006494906169554299,-0.006973105321635533,0.003709680974810333,0.002446820581402189,AJG2019,26/11/2019,Financials,Cyclical,33.247,DISC,DISC,256,4637,2019,3,27.16164384,17282.76814,0.034061972,0.129725536,0.943342062,0.030802453,19634.8,Large,Large Cap,early
AJG,2021-07-30,-0.021991761699368992,-0.04501110628897408,-3.5775900744597334e-4,-0.018939043847474128,AJG2021,30/07/2021,Financials,Cyclical,39.174,HACK,HACK,422,813120,2021,6,8.731506849,29081.41754,0.027194482,0.10657703,0.757745287,0.012073774,33345,Large,Large Cap,modern
AJG,2022-12-13,-0.03426500322464599,-0.04356384091723161,-7.137340400861793e-4,-0.01025446706851359,AJG2022,13/12/2022,Financials,Cyclical,43.64,HACK,HACK,213,14,2022,3,11.88767123,41056.21836,0.028636931,0.121855724,0.684150663,0.008797722,38907.8,Small,Large Cap,modern
AMED,2015-03-02,-0.1356902516384939,-0.06314338154905746,-0.030553519032413653,-0.09247010444427871,AMED2015,01/03/2015,Health Care,Defensive,16.1,PORT,OTHER,6,6909,2015,2,-6.243835616,1013.92319,-0.004409672,-0.007376065,0.2441597,0.040143924,685.09,Large,Small Cap,early
AMGN,2021-06-22,0.012648975873856914,0.00637119654199437,-0.004995941341525922,0.006266875005965661,AMGN2021,22/06/2021,Health Care,Defensive,24.2,HACK,HACK,62,1357,2021,3,28.00547945,134125.992,0.096345949,0.879552239,5.071492537,0.130613913,61165,Small,Large Cap,modern
AMGN,2024-09-25,-0.07014518776911828,-0.05376375268584488,0.015610395842356593,0.022418381379142992,AMGN2024,25/09/2024,Health Care,Defensive,28,HACK,HACK,406,265,2024,4,19.44657534,177670.948,0.044534457,0.695933299,10.35885656,0.130369451,91839,Small,Large Cap,recent
AMPH,2020-08-28,-0.057359711770094586,-0.034457318955879106,-1.9080152186728755e-4,-0.023524449865054493,AMPH2020,28/08/2020,Health Care,Defensive,1.98,HACK,HACK,118,2193,2020,6,34.81369863,964.62345,0.002222624,0.003487395,0.167211028,0.146762859,631.24,Large,Small Cap,modern
AN,2014-05-27,0.0033092864473930096,0.021992046737677406,1.1806680954303526e-4,0.006163922248315055,AN2014,26/05/2014,Consumer Discretionary,Cyclical,24,UNKN,OTHER,82,1499,2014,3,30.14520548,6388.58694,0.049847018,0.202065537,1.027170503,0.008976511,8399.7,Small,Large Cap,early
ANSS,2019-07-26,0.0012538844196423246,-0.033893008867458586,-0.009202665520940727,-0.03260180869573978,ANSS2019,26/07/2019,Information Technology,Sensitive,4.1,HACK,HACK,72,99,2019,6,17.45753425,18281.91816,0.093264216,0.130682152,0.176192072,0.180226155,4838.89,Small,Large Cap,early
AON,2022-05-26,-0.10091159285192743,-0.0252550773808427,0.014072576937433124,-0.017256100065033402,AON2022,26/05/2022,Financials,Cyclical,50,HACK,HACK,513,129682,2022,5,6.720547945,54480.296,0.079164628,-4.894139887,-22.07372401,0.021098337000000002,32704,Large,Large Cap,modern
APLS,2024-09-30,-0.2603980834573467,-0.09983935440775428,-0.018117833074045582,0.00885441867031359,APLS2024,30/09/2024,Health Care,Defensive,0.71,HACK,HACK,35,733,2024,2,26.31506849,3668.86765,-0.223578076,-0.865839091,2.055596638,0.464707684,885.05,Small,Small Cap,recent
ARHS,2022-07-22,0.11769882800410861,0.0013712684118103186,-0.04941893378870094,-0.07071515787133606,ARHS2022,22/07/2022,Consumer Discretionary,Cyclical,2.18,HACK,HACK,119,628,2022,6,31.75342466,774.51127,0.14663573,0.651584444,1.821602804,0.155808378,931.79,Small,Small Cap,modern
ARMK,2024-09-19,0.004577456256203459,-0.05191158385758725,-0.028586747356797046,-0.0483266649956397,ARMK2024,19/09/2024,Consumer Discretionary,Cyclical,266.68,HACK,HACK,28,12,2024,5,27.12054795,10050.8352,0.020712823000000002,0.086385076,1.831747162,0.053058491,12674.37,Small,Large Cap,recent
ARW,2010-03-03,-0.013043749920702,-0.033359364241741137,-0.010045480301018612,-0.02750467078419315,ARW2010,03/03/2010,Information Technology,Sensitive,12.7,PORT,OTHER,13,4044,2010,4,21.38630137,3314.44477,0.049958659,0.147524218,0.541709433,0.096486364,9600.54,Large,Small Cap,early
ASUR,2023-02-02,0.019131706225346767,0.0284511014592584,0.0018096375764456566,-0.012271662415720789,ASUR2023,02/02/2023,Industrials,Cyclical,0.581,UNKN,OTHER,3,47,2023,5,34.79452055,273.22814,-0.020758424,-0.04807597,0.054457228,0.068301837,443.87,Small,Small Cap,recent
ATEN,2023-02-10,-0.06098397366497897,-0.08731271994563633,-0.0049543484959634005,-0.02766347007529648,ATEN2023,10/02/2023,Information Technology,Sensitive,0.525,HACK,HACK,18,999,2023,6,22.46849315,1101.25679,0.102537397,0.192278089,0.080913622,0.249465764,389.81,Small,Small Cap,recent
ATRC,2021-06-04,-0.04117146138581771,-0.029700922429179315,-0.0023951164005883764,-0.01917938372628234,ATRC2021,04/06/2021,Health Care,Defensive,0.875,HACK,HACK,162,3159,2021,6,37.29041096,3407.4848,0.081583002,0.103769256,0.156374288,0.070946122,615.31,Large,Small Cap,modern
AYI,2022-12-06,-0.09699603284547446,-0.05933215238136923,0.011457454926865215,-0.016910150294552787,AYI2022,06/12/2022,Industrials,Cyclical,12.2,HACK,HACK,791,37137,2022,3,24.77260274,5623.28439,0.101510929,0.171678079,0.2931428,0.116737568,3408.5,Large,Large Cap,modern
AZO,2023-11-21,0.009191334337832648,-0.033672216328795586,-0.004466817933449776,-0.025656052455832884,AZO2023,21/11/2023,Consumer Discretionary,Cyclical,126,HACK,HACK,177,184995,2023,3,21.38630137,44841.2055,0.155003703,-0.5605565,-2.663553501,0.017359261,17176.54,Large,Large Cap,recent
BBY,2018-04-05,0.04956650229816273,0.018711583772669772,2.6309204472279094e-4,-0.005506264469589453,BBY2018,05/04/2018,Consumer Discretionary,Cyclical,125,HACK,HACK,191,18804,2018,5,10.1890411,19359.12058,0.113479575,0.442831216,0.41984271,0.153476475,12901,Large,Large Cap,early
BDC,2020-12-14,0.03852822809534646,-0.059775665836686274,-0.025302907221843095,-0.06617559814013581,BDC2020,14/12/2020,Information Technology,Sensitive,6.2,HACK,HACK,32,5364,2020,2,16.61917808,1887.95247,-0.017569004,-0.073492401,2.178264571,0.159884245,3139.73,Large,Small Cap,modern
BDC,2021-04-05,-0.126918282803337,-0.03145218901406537,-0.03109977752316853,-0.06490993039661061,BDC2021,02/04/2021,Information Technology,Sensitive,7.5,HACK,HACK,0,9840,2021,2,40.81917808,2008.5835,0.018704225,0.066917063,1.617880281,0.188360983,3417.68,Large,Small Cap,modern
BDC,2023-02-13,0.047379812306137914,0.06133393460300727,0.0057780454862431715,-0.00743919712107797,BDC2023,13/02/2023,Information Technology,Sensitive,8,UNKN,OTHER,62,376,2023,2,41.02739726,3652.48887,0.074921201,0.208152234,1.118262098,0.184261977,3240.19,Small,Small Cap,recent
BDN,2024-08-06,0.09940050770017352,-0.016771245970427683,-0.012390021970263423,-0.040635084464017264,BDN2024,06/08/2024,Real Estate,Cyclical,0.29,HACK,HACK,141,2934,2024,3,52.47123288,807.50595,-0.056098239,-0.188619679,2.153172192,0.025837198,3492.21,Large,Small Cap,recent
BGS,2023-09-11,-0.15267847806789991,-0.10903352345487945,0.011549675322503759,0.01231188915540131,BGS2023,11/09/2023,Consumer Staples,Defensive,2.912,HACK,HACK,231,918,2023,2,59.03561644,875.08512,-0.019114195,-0.079235107,2.53457903,0.011865596,3463.29,Small,Small Cap,recent
BLKB,2020-09-14,-0.03076238168321583,-0.0426109785474319,0.010589858674329211,0.008648389454713086,BLKB2020,14/09/2020,Information Technology,Sensitive,3.1,HACK,HACK,220,8,2020,2,39.02739726,2796.6625,0.003774085,0.018108647,1.308809105,0.017483937,2044.73,Small,Small Cap,modern
BLKB,2023-07-07,-0.01273980645571314,0.02683756072320344,0.0049967863907317755,-0.004727556980445377,BLKB2023,07/07/2023,Information Technology,Sensitive,3,HACK,HACK,115,10,2023,6,12.39178082,3819.70875,6.2494e-4,0.002250512,1.021942488,0.010730771,2912.28,Small,Small Cap,recent
BLMN,2019-10-17,0.05261483546931377,-0.002254957764715344,0.012909837707246664,0.04121104268643924,BLMN2019,17/10/2019,Consumer Discretionary,Cyclical,94,UNKN,OTHER,77,499,2019,5,28.20821918,1584.59085,0.036344147,0.766534384,14.67413204,0.018689375,3592.68,Small,Small Cap,early
BMRN,2018-11-13,-0.021216171170866143,-0.0033561892610999835,-0.009947805112371722,0.012106807151911224,BMRN2018,13/11/2018,Health Care,Defensive,1.28,HACK,HACK,49,1,2018,3,24.65753425,18468.79333,-0.017440426,-0.026015014,0.279795751,0.111580691,4427.13,Small,Large Cap,early
CABO,2019-08-08,0.029579105282950047,0.03531283574412292,0.004740743321997797,0.0011004960664130203,CABO2019,08/08/2019,Communication Services,Sensitive,2.751,UNKN,OTHER,160,7375,2019,5,50.61643836,6863.88645,0.056659764,0.212201257,2.087283396,0.039745469,3151.83,Large,Large Cap,early
CAL,2023-09-01,-0.025854262723055948,0.13471352999041827,-0.053774109071774906,-0.04991507498326238,CAL2023,01/09/2023,Consumer Discretionary,Cyclical,9.2,HACK,HACK,56,13926,2023,6,14.71232877,1017.4983,0.094966826,0.305710886,1.333962981,0.011834352,1804.75,Large,Small Cap,recent
CAR,2015-11-04,-0.18678939902368547,-0.11832192599072673,-0.04144715248634081,-0.025642881332706292,CAR2015,04/11/2015,Industrials,Cyclical,30,DISC,DISC,33,90,2015,4,4.55890411,4533.03,0.017749802,0.712984055,28.06605923,0.040263128,17634,Small,Small Cap,early
CAT,2020-09-10,0.07481301086501432,0.038337611589989794,0.02613473305239151,-0.030673839431582715,CAT2020,10/09/2020,Industrials,Cyclical,97.3,UNKN,OTHER,43,1160,2020,5,29.51232877,83262.46776,0.038276901,0.195551497,2.333050682,0.119401461,78324,Small,Large Cap,modern
CBZ,2023-09-01,-0.010823998012880576,-0.03820141907945755,-0.0449835169236272,-0.0480841111033152,CBZ2023,01/09/2023,Industrials,Cyclical,6.7,HACK,HACK,95,37601,2023,6,18.32054795,2795.06354,0.059193812,0.152811078,0.696060474,0.003958716,2043.59,Large,Small Cap,recent
CCBG,2019-01-22,-0.039671824963755875,-0.003544033475188931,-0.05554375101395574,-0.028691884429788414,CCBG2019,22/01/2019,Financials,Cyclical,0.815,DISC,DISC,20,11011,2019,3,6.523287671,427.18284,0.009973282,0.0942064,0.208913325,0.019452222,3088.95,Large,Small Cap,early
CF,2015-06-02,0.04587507778094649,-0.004277204898157477,0.005546722272937678,-3.504230301823062e-4,CF2015,02/06/2015,Materials,Cyclical,2.9,DISC,DISC,173,168,2015,3,16.78082192,73796.09202,0.054941949,0.173448652,1.38597839,0.022450918,12738.9,Small,Large Cap,early
CHGG,2018-09-26,-0.21429242108601784,-0.14288122508596018,-0.01734056873691975,-0.04827412081522221,CHGG2018,26/09/2018,Consumer Discretionary,Cyclical,1.087,HACK,HACK,150,75000,2018,4,4.052054795,3734.115,-0.019565326,-0.036256131,0.69080495,0.492371258,760.94,Large,Small Cap,early
CHGG,2020-04-27,0.49661027467753177,0.14094907707773352,-0.016897062218986146,0.013260617004819982,CHGG2020,27/04/2020,Consumer Discretionary,Cyclical,1.941,HACK,HACK,18,700,2020,2,1.156164384,5105.20768,-0.002763344,-0.010204467,2.514273295,0.213148826,2251.26,Small,Large Cap,modern
CLH,2020-12-15,0.0010441248292057674,-0.009297779845214228,-0.0044547941552601205,0.00570084033690528,CLH2020,15/12/2020,Industrials,Cyclical,14,HACK,HACK,110,772,2020,3,14.50958904,3949.1333,0.032636173,0.100508292,1.318669212,0.125644073,4131.52,Small,Small Cap,modern
CLSK,2023-10-23,0.037157824782924675,0.2129194772733036,0.08164161871922089,0.060095980047203804,CLSK2023,23/10/2023,Information Technology,Sensitive,0.27,UNKN,OTHER,55,185,2023,2,18.59452055,1061.92016,-0.074275143,-0.082788422,0.038370367,0.061764073,1962.66,Small,Small Cap,recent
CMG,2018-08-22,-0.06181930568475238,-0.11414487681052195,-0.011131345307530677,-0.07503618954014918,CMG2018,22/08/2018,Consumer Discretionary,Cyclical,73,UNKN,OTHER,32,33,2018,4,18.94246575,14371.9733,0.077930522,0.122492349,0,0.110329293,2265.52,Small,Large Cap,early
CMG,2024-05-24,-0.10921226242656283,-0.04923967813977119,-0.0020910058130506805,-0.015956719591709356,CMG2024,24/05/2024,Consumer Discretionary,Cyclical,130.504,HACK,HACK,312,678,2024,6,19.44657534,4264141.088,0.166671845,0.419666447,1.242117593,0.081324053,9204.37,Small,Large Cap,recent
CMI,2022-08-19,0.009921407575044058,0.019079966753322346,-0.00306475646731476,-0.002268953576167627,CMI2022,19/08/2022,Industrials,Cyclical,73.6,UNKN,OTHER,114,22,2022,6,43.81917808,32527.26,0.070992442,0.239665738,0.620724234,0.069342223,30299,Small,Large Cap,modern
CNDT,2020-11-25,0.11727823841671407,-0.08267840519130022,6.571212434083543e-4,-0.0724549884581679,CNDT2020,25/11/2020,Industrials,Cyclical,63,INSD,OTHER,202,22,2020,4,30.59452055,947.97078,-0.027725564,-0.099159664,1.51092437,0.105733083,4256,Small,Small Cap,modern
CNO,2021-07-21,-0.04439346536277705,-0.012996106448106316,-0.01785149284406014,-0.012461581968887088,CNO2021,21/07/2021,Financials,Cyclical,3.35,HACK,HACK,232,562,2021,4,36.29041096,2734.96544,0.01218084,0.083845086,0.770633306,0.017459204,36204.4,Small,Small Cap,modern
COF,2024-11-06,0.15168786363379438,0.11022439422227745,-0.038619126025766136,-0.015555056544959865,COF2024,06/11/2024,Financials,Cyclical,52.6,UNKN,OTHER,194,3050,2024,4,36.17534247,63303.2415,0.00969103,0.084913924,0.836911636,0.006177776,490144,Large,Large Cap,recent
COLD,2021-03-04,0.10153114059279286,-0.041573212597063314,-0.002658289566291979,8.260212674211925e-4,COLD2021,04/03/2021,Real Estate,Cyclical,16.275,HACK,HACK,126,141351,2021,5,4.504109589,9191.37558,-0.003706703,-0.007573973,0.850865219,0.010096885,8216.2,Large,Large Cap,modern
COMM,2023-05-12,0.04307750487411034,-0.10375850999298679,0.018314388502654634,-0.02229931217374159,COMM2023,12/05/2023,Information Technology,Sensitive,20,HACK,HACK,47,5485,2023,6,40.23287671,899.34216,-0.154813858,0.48871598,-3.184788467,0.053350975,9371.9,Large,Small Cap,recent
COMP,2023-02-21,-0.12011730213040936,-0.0012358266844613615,0.020139853610046207,-0.0273288431766265,COMP2023,21/02/2023,Real Estate,Cyclical,2.549,UNKN,OTHER,111,79,2023,3,17.79178082,1881.38484,-0.276911144,-0.749475157,1.187543737,0.14384211,1160.3,Small,Small Cap,recent
COR,2024-05-15,-0.13064609111245987,-0.031460161455996546,-0.0027267419896226993,-0.01174918190570253,COR2024,15/05/2024,Health Care,Defensive,46,HACK,HACK,84,220541,2024,4,28.17808219,43265.87136,0.022490052,2.3363233,8.70489273,0.046685099,67101.67,Large,Large Cap,recent
COTY,2018-07-03,0.0016969820020529907,-0.02017657996843769,0.014881767679337212,0.007514885951287733,COTY2018,03/07/2018,Consumer Staples,Defensive,19,HACK,HACK,172,4753,2018,3,37.81643836,10460.754,-0.214215359,-0.825019622,1.669900584,0.019269306,17665.4,Large,Large Cap,early
CPRT,2015-05-27,-0.0016495651103359894,-0.04141016285632689,-0.03182872193517878,-0.03663280232192604,CPRT2015,27/05/2015,Industrials,Cyclical,4.267,HACK,HACK,57,4676,2015,4,30.12054795,4241.5068,0.122104923,0.227880978,0.669600939,0.253346756,1799.95,Large,Small Cap,early
CPS,2023-04-21,-0.23191801130909837,-0.10489599242452954,0.0038299728678436364,0.05378298093553016,CPS2023,21/04/2023,Consumer Discretionary,Cyclical,20,UNKN,OTHER,136,306,2023,6,39.56438356,192.6064,-0.107880739,2.484440344,-14.64338253,0.082679636,1872.3,Small,Small Cap,recent
CR,2016-06-08,0.021534031687689678,0.00299214373890341,0.0027173387008020728,-0.011520596043613322,CR2016,08/06/2016,Industrials,Cyclical,11,DISC,DISC,1,15,2016,4,0.906849315,3520.2105,0.035822637,0.108308344,0.65734697499999994,0.148687281,3428,Small,Small Cap,early
CRBG,2023-07-27,0.027276849748627548,-0.02779367370593736,-0.010782214583894913,-0.01522009510775718,CRBG2023,27/07/2023,Financials,Cyclical,5.7,HACK,HACK,59,6500000,2023,5,10.51232877,11979.46528,0.002910855,0.093829679,1.011218766,0.001613626,379270,Large,Large Cap,recent
CRBG,2024-02-13,-0.06280432496266217,0.05451923762457146,0.02421346464061827,0.04866038737286825,CRBG2024,13/02/2024,Financials,Cyclical,5.2,UNKN,OTHER,17,2,2024,3,13.1260274,13340.8836,0.005726803,0.194555924,1.088117257,0.002069867,389397,Small,Large Cap,recent
CSCO,2012-04-09,-0.0320547708464437,-0.04126049995827492,-0.003226588220021479,-0.003224412757641404,CSCO2012,09/04/2012,Information Technology,Sensitive,66.639,PORT,OTHER,14,4,2012,2,24.31506849,107125.56,0.087631731,0.156787427,0.317767032,0.106790615,91759,Small,Large Cap,early
CTRN,2023-06-22,0.09884625471071065,0.1447596980427083,0.01650902868827759,0.05513996011034789,CTRN2023,22/06/2023,Consumer Discretionary,Cyclical,4.8,HACK,HACK,161,5307,2023,5,6.232876712,151.52372,-0.023093339,-0.075957795,1.487907879,0.153658711,518.72,Large,Small Cap,recent
CVNA,2024-09-12,-0.14258311484418218,-0.03236310374779235,-0.02165100914817353,0.055741604497477934,CVNA2024,12/09/2024,Consumer Discretionary,Cyclical,17.4,HACK,HACK,69,1799,2024,5,39.02191781,17797.00934,0.024752475,0.166666667,4.798412698,0.202263083,8484,Small,Large Cap,recent
CZR,2022-12-02,0.012906901724888158,0.048303295881397576,0.013258499679052443,0.03788414666723612,CZR2022,02/12/2022,Consumer Discretionary,Cyclical,49,HACK,HACK,162,112,2022,6,3.679452055,11128.59648,-0.026814209,-0.242122273,7.039321304,0.030960122,33527,Small,Large Cap,modern
CZR,2023-10-06,-0.033981924697878155,-0.01608145158350852,-0.01161113864270839,0.015208210987060634,CZR2023,06/10/2023,Consumer Discretionary,Cyclical,51,HACK,HACK,48,384087,2023,6,4.421917808,9426.1876799999991,0.023556914,0.172671353,5.667618629,0.030120482,33366,Large,Large Cap,recent
DAL,2018-04-05,-0.01781682741154811,-0.051048754290219676,0.002027864673674773,-0.033403244093224725,DAL2018,05/04/2018,Industrials,Cyclical,88.68,HACK,HACK,191,825000,2018,5,42.60821918,36621.78384,0.065293864,0.287499087,1.207496164,0.025968208,60266,Large,Large Cap,early
DKS,2024-08-29,-0.06777287605532256,-0.07705914910119607,-0.0026693262892189783,-0.05770488188731531,DKS2024,29/08/2024,Consumer Discretionary,Cyclical,56.1,HACK,HACK,8,72012,2024,5,42.02739726,18851.6431,0.11142003,0.364356413,1.403186229,0.161582316,10458.69,Large,Large Cap,recent
DLTR,2020-09-11,-0.1330874212201362,-0.03683610406878422,-0.02525835614090309,-0.025033966999208138,DLTR2020,11/09/2020,Consumer Staples,Defensive,199.327,UNKN,OTHER,126,67,2020,6,28.12054795,21062.81575,0.064838616,0.184192827,1.32319877,0.068452841,20696,Small,Large Cap,modern
DVA,2024-07-03,-0.09981428866159259,-0.06015754785030045,-0.016040085327481426,-0.010807479839758268,DVA2024,03/07/2024,Health Care,Defensive,76,DISC,DISC,2417,67443,2024,4,40.02739726,11150.2092,0.054169944,7.730569178,99.62546854,0.045989047,17285.27,Large,Large Cap,recent
DXPE,2020-10-09,0.060333352901842704,-0.017286222504259513,-0.0021256043127473416,-0.03137823977034463,DXPE2020,09/10/2020,Industrials,Cyclical,2.55,HACK,HACK,52,2941,2020,6,12.9369863,351.89056,-0.033714958,-0.081230122,1.038904091,0.13745391,868.13,Large,Small Cap,modern
EFX,2014-03-05,0.01027372029965781,0.0017891395487336838,0.005097986613275526,0.018883483987653188,EFX2014,05/03/2014,Industrials,Cyclical,7.5,HACK,HACK,33,14,2014,4,38.95890411,8437.998,0.078601686,0.166992409,0.521067224,0.027448547,4674.2,Small,Large Cap,early
EFX,2015-04-02,-0.03189718392974866,-0.011384534416518315,-0.0030665513608283583,-0.016707595049600964,EFX2015,02/04/2015,Industrials,Cyclical,8,DISC,DISC,18,1382,2015,5,2.405479452,11037.913,0.095165225,0.185685231,0.496776148,0.020691949,4509,Small,Large Cap,early
EFX,2017-09-07,-0.38926158126207694,-0.21168891875762094,-0.1363280304642307,-0.2098169772837845,EFX2017,07/09/2017,Industrials,Cyclical,10.3,HACK,HACK,114,145500000,2017,5,10.78082192,16980.939,0.0811928,0.185011341,0.674678679,0.046506484,7233.4,Large,Large Cap,early
EFX,2018-03-01,0.09330905184972371,0.05924559548050792,0.049382870627533285,0.07936713598301887,EFX2018,01/03/2018,Industrials,Cyclical,10.9,HACK,HACK,42,2400000,2018,5,25.20547945,13627.8,0.041911312,0.096466954,0.848027544,0.031258737,7153.2,Large,Large Cap,early
ELMD,2021-08-09,-0.05478184907451396,-0.03726370395750103,-0.00726772658887234,-0.026409813477684386,ELMD2021,09/08/2021,Health Care,Defensive,0.156,HACK,HACK,54,47521,2021,2,28.49589041,95.7675,0.055724785,0.067450912,0.003511544,0.197103762,41.36,Large,Small Cap,modern
EQBK,2021-12-30,0.07445553000201173,0.018912601202330598,0.005566028154000136,0.014975894634884163,EQBK2021,30/12/2021,Financials,Cyclical,0.702,HACK,HACK,59,137950,2021,5,7.682191781,569.6724,0.010214825,0.104827707,0.315240167,0.050437838,5137.63,Large,Small Cap,modern
EWCZ,2023-05-25,-0.03453640838767006,0.016120864861430915,-0.0011950250276658685,0.007554396821122818,EWCZ2023,25/05/2023,Consumer Discretionary,Cyclical,0.204,HACK,HACK,37,1592,2023,5,55.11780822,840.59118,0.01213903,0.107160855,4.564205323,0.0716775,735.73,Small,Small Cap,recent
EXEL,2013-08-15,0.07130356847704368,0.06641472972499868,0.025664687379968704,0.064530842920749,EXEL2013,15/08/2013,Health Care,Defensive,0.227,STAT,OTHER,16,39,2013,5,39.60821918,900.52592,-0.486322913,-3.695159878,5.242262749,0.206597826,503.29,Small,Small Cap,early
EXPE,2022-03-02,-0.010133493766511294,-0.22280436414044538,-0.025625726528677673,-0.12878189425595277,EXPE2022,02/03/2022,Consumer Discretionary,Cyclical,16.5,HACK,HACK,343,1770,2022,4,25.58630137,28793.648,0.016325773,0.154183092,2.903635567,0.189972636,21561,Small,Large Cap,modern
FBIO,2022-03-18,-0.05383659034352106,-0.042316246424160084,-0.03426304606764914,-0.04469759927258341,FBIO2022,18/03/2022,Health Care,Defensive,0.187,HACK,HACK,205,1800,2022,6,36.81643836,156.90148,-0.294171613,-2.0752433,2.981830385,0.60572679,294.3,Large,Small Cap,modern
FCX,2023-09-08,0.01765441452175097,0.025345045972781807,0.013082440723811803,0.013951179802720683,FCX2023,08/09/2023,Materials,Cyclical,27.2,HACK,HACK,31,168,2023,6,13.51506849,57055.6,0.035195978,0.110705086,0.590247409,0.090618215,52506,Small,Large Cap,recent
FFIN,2018-09-21,-0.044668088901067146,-0.04333985044335571,-0.01332562187620966,-0.029770168421454066,FFIN2018,21/09/2018,Financials,Cyclical,1.35,HACK,HACK,73,3,2018,6,22.66849315,4144.756,0.019482779,0.143015964,0.444990245,0.026880358,7731.85,Small,Small Cap,early
FIS,2023-06-21,0.06682579128796576,-0.024824036395597188,-0.0030998224750904023,-0.002814014050913474,FIS2023,21/06/2023,Financials,Cyclical,52,HACK,HACK,21,49000,2023,4,62.03561644,31860.95,-0.120751293,-0.348504688,0.763683025,0.007984756,55105,Large,Large Cap,recent
FIVE,2018-10-05,-0.13750694176904585,-0.11929756946970457,0.02187696500882638,-0.008684382575959847,FIVE2018,05/10/2018,Consumer Discretionary,Cyclical,13.9,HACK,HACK,52,3234,2018,6,25.92328767,6681.04338,0.157146548,0.243288018,0,0.264367864,952.26,Large,Large Cap,early
FLL,2020-08-27,0.11467584249540017,-0.004317641015597203,0.012290310588730957,0.07247053015768003,FLL2020,27/08/2020,Consumer Discretionary,Cyclical,1.151,HACK,HACK,155,5049,2020,5,24.51780822,52.07808,6.91387e-4,0.002593645,2.28036064,0.177305565,212.62,Large,Small Cap,modern
FMBH,2024-01-19,-0.165397397937002,-0.013529038491409663,0.025302812290798376,0.013701672056046017,FMBH2024,19/01/2024,Financials,Cyclical,1.198,UNKN,OTHER,237,2,2024,6,41.13972603,775.18624,0.010492126,0.093216965,0.676500577,0.012249369,7519.73,Small,Small Cap,recent
FNF,2016-07-29,-0.02743951495274017,-0.03756542843236882,0.002822177937605703,-0.02243087683638473,FNF2016,29/07/2016,Financials,Cyclical,55.219,DISC,DISC,7,1,2016,6,33.77260274,10281.18285,0.044942266,0.108405604,0.457971981,0.091474798,14463,Small,Large Cap,early
FNF,2017-05-04,0.044719705604829296,-0.02374573916125422,0.0028961981932815106,-0.02422605511821587,FNF2017,04/05/2017,Financials,Cyclical,24.367,HACK,HACK,113,236,2017,5,47.46575342,11152.91648,0.072341821,0.148864403,0.170676861,0.121298219,9151,Small,Large Cap,early
FOSL,2019-07-18,0.06466210941895209,-0.061453585266835795,0.021273605377971974,-0.041816765185704236,FOSL2019,18/07/2019,Consumer Discretionary,Cyclical,10.2,HACK,HACK,65,1393,2019,5,41.56986301,557.19148,-0.032631617,-0.104094193,1.117874025,0.124767251,1604.73,Small,Small Cap,early
FYBR,2024-06-06,-0.07135845879898632,-0.08995096045165943,0.0029690801024929605,-0.03591506609159545,FYBR2024,06/06/2024,Communication Services,Sensitive,13.025,HACK,HACK,54,751895,2024,5,36.17534247,6594.44495,-0.015620452,-0.065168994,2.435539365,0.036383041,20614,Large,Large Cap,recent
GDEN,2019-11-07,0.2238933162362878,0.11855934504335673,0.028209403493530457,0.06882804909942301,GDEN2019,07/11/2019,Consumer Discretionary,Cyclical,8,HACK,HACK,161,5815,2019,5,10.17534247,427.38507,-0.02271504,-0.13648255,4.683634519,0.064148951,1740.92,Large,Small Cap,early
GDEN,2021-09-24,0.08216200386369163,0.07249691401768879,5.99843183060278e-4,0.014539245381311697,GDEN2021,24/09/2021,Consumer Discretionary,Cyclical,6.3,HACK,HACK,243,21912,2021,6,2.44109589,1408.6338,0.100135928,0.50627619,3.77658892,0.136509603,1615.56,Large,Small Cap,modern
GEN,2023-05-12,0.010779302693284197,-0.050507491550127875,0.010247739637189774,-0.00903050033497142,GEN2023,12/05/2023,Information Technology,Sensitive,3.4,UNKN,OTHER,26,6,2023,6,37.15616438,10690.68,0.039056556,0.28038234,3.939462904,0.053639361000000003,15772,Small,Large Cap,recent
GES,2021-07-09,-0.2935974272406958,-0.12451598319963048,-0.007412766654082942,-0.042434461314373395,GES2021,09/07/2021,Consumer Discretionary,Cyclical,12.5,HACK,HACK,157,1304,2021,6,7.147945205,1495.32345,0.067053186,0.275212075,1.852087342,0.162607782,2555.63,Small,Small Cap,modern
GIS,2023-01-12,-0.13721949455932195,-0.08607414595186093,-0.002633244714535339,-0.05279815113518397,GIS2023,12/01/2023,Consumer Staples,Defensive,34,HACK,HACK,55,49000,2023,5,33.8109589,49245.07,0.08247249,0.248229597,1.151536901,0.018615846,31451.7,Large,Large Cap,recent
GKOS,2021-03-12,-0.19325272936453425,-0.0357935914144643,-0.008663340793405007,-0.011462465545992622,GKOS2021,12/03/2021,Health Care,Defensive,0.727,HACK,HACK,179,905,2021,6,7.789041096,4186.4601,-0.047245017,-0.084463792,0.652958098,0.095939975,1049.7,Small,Small Cap,modern
H,2017-10-12,-0.021509944800198938,-0.002118051971712995,-0.0028673050976610248,-4.980683477802058e-4,H2017,12/10/2017,Consumer Discretionary,Cyclical,45,UNKN,OTHER,208,19,2017,5,38.81643836,7342.56435,0.032455683,0.070638298,0.411631206,0.065563087,7672,Small,Large Cap,early
HAS,2018-06-25,0.06812623394957783,0.024244922569492865,-0.0022725049878371227,0.012211438797084155,HAS2018,25/06/2018,Consumer Discretionary,Cyclical,5.8,HACK,HACK,283,2039,2018,2,11.12876712,11563.50672,0.041883812,0.125640216,0.96614735,0.224657742,5262.99,Large,Large Cap,early
HBI,2022-08-16,-0.14393358970515546,-0.09259133547705659,-0.021115706364905854,-0.04948159525664257,HBI2022,16/08/2022,Consumer Discretionary,Cyclical,51,HACK,HACK,84,75106,2022,3,6.523287671,3661.10441,-0.019558183,-0.319396179,10.27211849,0.036657064,6503.88,Large,Small Cap,modern
HCC,2023-12-13,-0.014832471254942591,-0.07506351650250866,-0.011522194193070231,0.010347454462842506,HCC2023,13/12/2023,Materials,Cyclical,1.143,HACK,HACK,137,19794,2023,4,7.136986301,2896.93811,0.203062038,0.255344246,0.092423041,0.31318576,2357.06,Large,Small Cap,recent
HFFG,2023-03-23,-0.021840934334966245,0.0634264431246652,0.03716007067811893,0.0750054625821248,HFFG2023,23/03/2023,Consumer Staples,Defensive,1.049,HACK,HACK,238,982,2023,5,10.80821918,198.71436,-0.003644471,-0.007583871,0.508374003,0.025534768,596.52,Small,Small Cap,recent
HON,2021-04-30,-0.011637801514705837,0.009984819869065997,-0.001964588704490487,0.0189156110110316,HON2021,30/04/2021,Industrials,Cyclical,99,HACK,HACK,73,3567,2021,6,4.506849315,153326.72,0.085962463,0.298454413,0.92029727,0.16998604,64470,Large,Large Cap,modern
HON,2023-06-16,0.039716564794062985,0.005906644663863231,-0.008203764629187925,-0.0038481289060833604,HON2023,16/06/2023,Industrials,Cyclical,95,HACK,HACK,20,118379,2023,6,3.950684932,132791.214,0.091962617,0.356836529,1.226728052,0.128809427,61525,Large,Large Cap,recent
HQY,2018-06-12,-0.04525704827658815,-0.008157416412780536,-0.0011526802055360985,0.007420060823856709,HQY2018,12/06/2018,Health Care,Defensive,1.141,HACK,HACK,62,165800,2018,3,32.81369863,4905.75776,0.144895454,0.154898874,0,0.708752274,510.02,Large,Small Cap,early
HQY,2024-07-26,-0.06780822781683316,0.05880515233703746,-0.017989744687437994,-0.036405282875833354,HQY2024,26/07/2024,Health Care,Defensive,3.12,HACK,HACK,139,4300000,2024,6,39.02191781,6902.11136,0.028041641,0.045724383,0.52414546,0.085818097,3448.55,Large,Large Cap,recent
HSIC,2023-10-16,-0.08365798694004452,-0.06041967800566475,-0.0062867656298267885,-0.029551237105585895,HSIC2023,15/10/2023,Health Care,Defensive,25,HACK,HACK,18,166432,2023,2,6.821917808,9480.3408,0.039345503,0.113816689,0.677701778,0.016173272,10573,Large,Large Cap,recent
HUM,2018-06-04,0.004605812824241386,-0.01629290629503855,-0.0030744580687440174,-0.0019387605169133189,HUM2018,04/06/2018,Health Care,Defensive,41.6,HACK,HACK,138,6836,2018,2,1.797260274,39271.04856,0.066225947,0.165633304,0.597283732,0.092196907,25413,Large,Large Cap,early
HUM,2019-06-03,0.10510866621551611,-0.04781061485518809,-0.006899701224219077,-0.036358501523154764,HUM2019,03/06/2019,Health Care,Defensive,46,DISC,DISC,80,863,2019,2,39.81643836,38324.98155,0.093107244,0.224889923,0.507933871,0.139437298,29074,Small,Large Cap,early
HUM,2020-08-20,-0.011130026851120661,-0.060014410973075014,0.00901335494281551,-0.03779712357385188,HUM2020,20/08/2020,Health Care,Defensive,48.7,HACK,HACK,25,564,2020,5,28.87123288,53863.898,0.096285281,0.245265152,0.52039627,0.133632646,34969,Small,Large Cap,modern
HUM,2021-11-12,-0.07813157258235455,-0.02885437974592691,-0.015663753155225238,-0.013946904961550703,HUM2021,12/11/2021,Health Care,Defensive,95.5,HACK,HACK,79,1965,2021,6,22.30958904,49125.0828,0.066121106,0.182400498,0.822450249,0.076513819,44358,Large,Large Cap,modern
HUM,2022-09-08,0.008226884721239183,-0.04546042348230881,-0.02836177292209687,-0.03653409921395988,HUM2022,08/09/2022,Health Care,Defensive,67.1,HACK,HACK,124,999,2022,5,22.54520548,60196.70825,0.065172454,0.183266932,0.766377114,0.117547323,43055,Small,Large Cap,modern
HUM,2023-12-15,-0.014552620222244204,-0.057766840477462764,-0.0025462574195404242,-0.01893090975124037,HUM2023,15/12/2023,Health Care,Defensive,67.6,HACK,HACK,199,49999,2023,6,16.32876712,57329.1672,0.052884309,0.153056205,0.753228385,0.09973441,47065,Large,Large Cap,recent
HZO,2024-07-16,0.17111185321278957,0.11921672283988972,0.018952591273619163,-0.039282853797269424,HZO2024,16/07/2024,Consumer Discretionary,Cyclical,4.05,HACK,HACK,128,123494,2024,3,33.13972603,791.97072,0.014612287,0.039010243,0.53695602,0.08611138,2605.07,Large,Small Cap,recent
INSM,2018-09-17,-0.28544018710091806,0.043731628868809956,0.01693520508927255,0.1168006140832806,INSM2018,17/09/2018,Health Care,Defensive,0.373,UNKN,OTHER,63,522,2018,2,41.82739726,1476.5828,-0.536388689,-1.557032833,1.519969654,0.818901806,604.56,Small,Small Cap,early
JOB,2022-10-07,-0.0751704435949462,-0.029683817357433397,0.006512789572914629,-0.046806654780942904,JOB2022,07/10/2022,Industrials,Cyclical,0.251,HACK,HACK,227,16326,2022,6,25.81369863,72.690828,0.076263432,0.086165726,0.039432393,0.181961731,123.49,Large,Small Cap,modern
JPM,2013-12-05,0.009940215413332464,-0.007814412414324352,-0.006799624583948272,0.006235951409081896,JPM2013,05/12/2013,Financials,Cyclical,251.196,UNKN,OTHER,143,1292,2013,5,40.96986301,214811.8165,0.007419415,0.089606039,2.67420258,0.016463626,2415689,Small,Large Cap,early
JWN,2018-11-07,-0.12777253021319665,-0.038882342036486515,0.0027376089037201533,-0.007845628494626273,JWN2018,07/11/2018,Consumer Discretionary,Cyclical,71,DISC,DISC,29,107106,2018,4,44.02465753,10631.696,0.071519148,0.64604811,3.075601375,0.121354299,7886,Large,Large Cap,early
KELYA,2012-03-09,-0.09677712264748849,-0.0016439874175864398,-0.005403765421485855,-0.004026568714217377,KELYA2012,09/03/2012,Industrials,Cyclical,7.1,DISC,DISC,89,7,2012,6,2.917808219,558.372,0.030629088,0.067611336,0.086504723,0.046646696,1635.7,Small,Small Cap,early
KR,2016-05-25,0.025704194889188296,0.021609610376439492,0.018804257616684503,0.02071850663117665,KR2016,25/05/2016,Consumer Staples,Defensive,443,HACK,HACK,126,20,2016,4,28.69863014,32820.48,0.054102178,0.294864139,1.888922066,0.008820709,36505,Small,Large Cap,early
KRYS,2024-01-30,-0.17126152387773286,-0.15931802957876146,-0.02783094485164115,-0.04011889550518028,KRYS2024,30/01/2024,Health Care,Defensive,0.275,UNKN,OTHER,75,598,2024,3,41.13972603,3429.07746,0.084443826,0.094210571,0.007672394,0.326626812,1055.84,Small,Small Cap,recent
LCUT,2021-04-16,-0.10038555992628342,0.009531511595946483,0.0026682509428606234,0.004334439382811178,LCUT2021,16/04/2021,Consumer Discretionary,Cyclical,1.35,HACK,HACK,66,1386,2021,6,25.82739726,317.71974,0.025089437,0.081366421,1.373305274,0.033750908,829.07,Small,Small Cap,modern
LDI,2023-04-24,0.12149542439901682,0.06024585068445741,-0.04131478203411393,-0.011724701323572785,LDI2023,24/04/2023,Financials,Cyclical,4.25,HACK,HACK,264,1364,2023,2,11.69315068,315.03396,-0.017906217,-0.311981645,6.580565942,0.107413729,6151.05,Small,Small Cap,recent
LEVI,2024-06-20,-0.29549765382470283,-0.051619553539235016,-0.0011321132557145154,-0.007023174405846007,LEVI2024,20/06/2024,Consumer Discretionary,Cyclical,18.7,HACK,HACK,7,72231,2024,5,37.55616438,9307.62184,0.033032703,0.106876427,1.120426288,0.108226806,6375.5,Large,Large Cap,recent
LSTR,2016-03-21,0.010895730593420694,0.05531463218280528,-0.003665629713059711,0.009913770633926278,LSTR2016,21/03/2016,Industrials,Cyclical,1.197,DISC,DISC,26,1362,2016,2,8.279452055,2815.27902,0.125251803,0.253153125,0.254911466,0.16313922,1096.59,Small,Small Cap,early
LUV,2018-04-20,-0.0818807324944683,-0.020002283282922487,0.00393815174013267,-0.006977385528404131,LUV2018,20/04/2018,Industrials,Cyclical,58.803,HACK,HACK,201,36485,2018,6,7.263013699,30282.6444,0.09392981,0.250177611,0.342738252,0.070647411,26243,Large,Large Cap,early
LUV,2023-06-23,0.24824838690050832,0.07895915467885202,0.0070774102681499095,0.042935862471653874,LUV2023,23/06/2023,Industrials,Cyclical,74.806,HACK,HACK,54,3009,2023,6,21.75616438,20448.46564,0.012744265,0.044222539,0.874940561,0.254556417,36487,Large,Large Cap,recent
M,2018-07-03,-0.1263428197255313,-0.09357925348146569,-0.019504390518691152,-0.0570068278930318,M2018,03/07/2018,Consumer Discretionary,Cyclical,130,HACK,HACK,68,162507,2018,3,24.1890411,11236.7808,0.057726373,0.172156619,0.738191423,0.060539752,19194,Large,Large Cap,early
M,2019-11-14,0.06442080925130522,-0.051493740843961834,0.031196811185633725,-0.06813818219286823,M2019,14/11/2019,Consumer Discretionary,Cyclical,123,HACK,HACK,38,135152,2019,5,26.30410959,4966.12817,0.026638957,0.088442841,1.162145209,0.032354053,21172,Large,Small Cap,early
MATV,2022-10-03,0.020870980264400506,0.00666668896351103,0.008403071873529979,0.0401489389198316,MATV2022,03/10/2022,Materials,Cyclical,7.5,HACK,HACK,104,9268,2022,2,33.81369863,1212.8544,-0.001798757,-0.00559654,1.485118291,0.033903848,3669.2,Large,Small Cap,modern
MDU,2019-07-22,0.03246436577176937,0.002765392580260464,-0.009713102601657723,-0.01602208565184507,MDU2019,22/07/2019,Utilities,Defensive,13.359,STAT,OTHER,90,3,2019,2,38.46575342,5252.06464,0.043661385,0.117816655,0.828348868,0.00865007,7683.06,Small,Large Cap,early
MEG,2022-09-06,-0.036928452534302394,0.027423326734311908,0.021917143785587127,0.014634209823380812,MEG2022,06/09/2022,Industrials,Cyclical,2.9,HACK,HACK,90,269,2022,3,33.81369863,1177.08879,-0.040179868,-0.101597448,0.645358843,0.113431509,791.91,Small,Small Cap,modern
MFA,2021-09-01,-0.03309327367386318,-0.03586556297517856,-0.008854076345624254,-0.034099298249364904,MFA2021,01/09/2021,Financials,Cyclical,0.298,HACK,HACK,175,13006,2021,4,30.8109589,2076.2448,0.035982629,0.129341028,2.526395213,0.033337681,9139.69,Large,Small Cap,modern
MGM,2023-10-05,0.007302097712698611,0.013846589790390645,0.030543220457924,0.03651230596132738,MGM2023,05/10/2023,Consumer Discretionary,Cyclical,76,HACK,HACK,24,811740,2023,5,43.23287671,11481.498,0.027008431,0.300251104,8.302127431,0.069103926,42368.55,Large,Large Cap,recent
MGRC,2021-12-15,0.014526752945596669,0.013150375671925073,0.013022705623154072,0.04513326862931255,MGRC2021,15/12/2021,Industrials,Cyclical,1.184,HACK,HACK,151,6686,2021,4,6.284931507,1801.7902,0.056208747,0.122544299,0.597588047,9.34254e-4,1595.93,Large,Small Cap,modern
MKSI,2023-02-15,-0.013934502900107809,-0.06754013839495886,0.004318928107171518,-0.017346487906004446,MKSI2023,15/02/2023,Information Technology,Sensitive,10.2,HACK,HACK,2,1064,2023,4,42.02465753,6665.247,-0.201908313,-0.7447411,2.03236246,0.095964027,9118,Small,Large Cap,recent
ML,2021-09-24,-0.4340282591860526,-0.30044697398041237,-0.009253354246964605,-0.20276556775054003,ML2021,24/09/2021,Financials,Cyclical,0.556,HACK,HACK,87,94,2021,6,33.81369863,1989.05966,-0.37079534,-0.822161275,0.841698093,0.410472842,491.54,Small,Small Cap,modern
MMC,2013-11-26,-0.0013945789836006936,-0.004700977609289497,-0.0014718220625355627,-9.422251770541622e-5,MMC2013,26/11/2013,Financials,Cyclical,55,HACK,HACK,178,86,2013,3,8.389041096,26069.5168,0.07991755,0.171663504,0.373814042,0.135630153,16980,Small,Large Cap,early
MMS,2021-06-18,-0.07426406779211134,-0.03785429540538502,0.021063441822429425,0.008815302959068062,MMS2021,18/06/2021,Industrials,Cyclical,35.8,HACK,HACK,32,334690,2021,6,2.884931507,5577.71862,0.070697372,0.196713028,1.153486826,0.032790033,4118.97,Large,Large Cap,modern
MMS,2022-11-01,0.0446805385795104,0.0231748476253488,-8.841905988657278e-4,-0.03718084567573511,MMS2022,01/11/2022,Industrials,Cyclical,39.6,DISC,DISC,64,57,2022,3,23.84109589,5075.64358,0.040592133,0.097007198,0.856926495,0.016409516,3985.8,Small,Large Cap,modern
MMS,2023-07-28,-0.0914303966745084,-0.059069076673542574,-0.008189722090536734,-0.006248419457306759,MMS2023,28/07/2023,Industrials,Cyclical,39.6,HACK,HACK,62,9179226,2023,6,23.84109589,5075.64358,0.040592133,0.097007198,0.856926495,0.016409516,3985.8,Large,Large Cap,recent
MODG,2023-08-07,-0.1125572160399797,-0.13131843142856042,-0.023117758562152806,-0.09546971182448656,MODG2023,07/08/2023,Consumer Discretionary,Cyclical,32,HACK,HACK,6,14048,2023,2,60.03561644,3528.877,0.010415981,0.0244959,1.11507916,0.043144091,9120.6,Large,Small Cap,recent
MOH,2017-12-21,0.06597329168350236,0.0241746568608153,-0.01745173547459674,0.025602662407903362,MOH2017,21/12/2017,Health Care,Defensive,20,DISC,DISC,69,1380,2017,5,42.81917808,4704,-0.060441506,-0.382946896,1.622288706,0.376106717,8471,Small,Small Cap,early
MRTN,2022-03-25,-0.20384852107958618,-0.09560998465804704,-0.014071764838927628,-0.046537130192622164,MRTN2022,25/03/2022,Industrials,Cyclical,4.575,HACK,HACK,176,35294,2022,6,2.750684932,1538.75155,0.114276069,0.156770878,0.001008639,0.083464588,965.68,Large,Small Cap,modern
MRTN,2023-05-15,0.07815776163846501,0.02607229988326069,0.0026532675187334216,0.021060415217780223,MRTN2023,15/05/2023,Industrials,Cyclical,4.213,HACK,HACK,118,13,2023,2,40.88493151,1682.34528,0.071059506,0.092915634,6.82611e-4,0.053732106,990.34,Small,Small Cap,recent
MS,2020-07-10,-0.015304136724485086,0.0256584201136885,0.025529678992133494,0.009262031517567777,MS2020,10/07/2020,Financials,Cyclical,68.097,DISC,DISC,1592,14256250,2020,6,1.290410959,85975.23624,0.009854265,0.11883585,2.950286931,0.094683751,1115862,Large,Large Cap,modern
MS,2021-07-02,-0.017799340066119766,-0.023196695092438355,-0.018718504207797918,-0.043103728727717096,MS2021,02/07/2021,Financials,Cyclical,74.814,HACK,HACK,163,33443,2021,6,27.87123288,163080.3285,0.012653391,0.153893399,3.075738809,0.107499958,1188140,Large,Large Cap,modern
MTX,2020-11-24,-0.047534182816486206,-0.032136975021176906,-0.022669566378576398,-0.05324958454497815,MTX2020,24/11/2020,Materials,Cyclical,3.566,HACK,HACK,35,1200,2020,3,6.317808219,2066.802,0.035022123,0.07694414,0.681202081,0.114569702,3209.4,Small,Small Cap,modern
MTZ,2023-11-20,0.23991454577213284,0.1265858984969471,0.03747087298432417,0.04455616413491278,MTZ2023,20/11/2023,Industrials,Cyclical,34,HACK,HACK,177,22009,2023,2,35.55342466,4231.1736,-0.00532874,-0.018457574,1.29184983,0.05649548,9373.51,Large,Small Cap,recent
MXL,2020-06-11,0.1416934335627293,-5.732128776891159e-4,-0.00932064195481821,-0.0032217667004024123,MXL2020,11/06/2020,Information Technology,Sensitive,1.42,HACK,HACK,57,2689,2020,5,1.380821918,1487.73856,-0.096428942,-0.252080579,1.003786591,0.145632711,1022.44,Large,Small Cap,modern
MYRG,2016-05-16,-0.050227087578882175,-0.03921750830572655,-0.01980629108683539,-0.023746520196557763,MYRG2016,16/05/2016,Industrials,Cyclical,4.6,HACK,HACK,32,6878,2016,2,19.44383562,382.84552,0.037369114,0.081432816,0.24313952,0.041580136,573.5,Large,Small Cap,early
MYRG,2020-09-09,-0.0055956026910385145,-0.0501961552419583,-0.007415559600834086,-0.026953611061052055,MYRG2020,09/09/2020,Industrials,Cyclical,7.2,UNKN,OTHER,127,844,2020,4,32.31780822,603.09336,0.059003333,0.136875478,0.121317158,0.022762259,995.86,Small,Small Cap,modern
NTRA,2019-07-15,-0.12523715352113454,-0.027064560705273327,-0.007400070808665895,0.028166788294509047,NTRA2019,15/07/2019,Health Care,Defensive,1.039,HACK,HACK,348,3035,2019,2,10.69315068,2000.0482,-0.214237904,-0.447872527,0.379217182,0.106282266,582.66,Large,Small Cap,early
OII,2024-03-01,0.05143100643845519,-0.08595774212597361,-0.010623542668532798,-0.019562735823112052,OII2024,01/03/2024,Energy,Sensitive,10.4,DISC,DISC,60,1776,2024,6,52.47123288,1989.06136,0.063119049,0.206462922,1.192493199,0.212946108,2336.35,Small,Small Cap,recent
OKTA,2023-11-01,-0.2086620887788193,-0.037993300786821504,-0.03300060333271321,-0.04681413056093218,OKTA2023,01/11/2023,Information Technology,Sensitive,5.908,HACK,HACK,39,4961,2023,4,6.539726027,11265.96366,-0.039492713,-0.06029212,0.220278533,0.037156525,8989,Large,Large Cap,recent
ONTF,2021-10-29,-0.09362359137054804,-0.04343160387101917,-0.006896402387621981,-0.015597344139309403,ONTF2021,29/10/2021,Information Technology,Sensitive,0.717,HACK,HACK,121,1160,2021,6,29.36986301,912.06297,-0.050481905,-0.068309443,0.011247853,0.343291938,480.49,Small,Small Cap,modern
PBYI,2022-04-04,0.02659002373141879,0.22237730657398544,0.06421073935824068,0.034944403179788384,PBYI2022,04/04/2022,Health Care,Defensive,0.192,HACK,HACK,357,11,2022,2,17.23561644,138.11108,9.01e-6,9.26e-5,5.288828212,0.343156548,222.06,Small,Small Cap,modern
PBYI,2023-05-17,0.2249073433716112,-0.033269355444960874,-0.0386413153339923,0.059653788356757005,PBYI2023,17/05/2023,Health Care,Defensive,0.185,HACK,HACK,390,1933,2023,4,11.22191781,136.27042,0.093658905,0.404008084,2.086186894,0.366918552,230.53,Large,Small Cap,recent
PCAR,2018-02-14,-0.020330341734109643,-0.006966517396333777,-0.01597031454815439,-0.007945412894951544,PCAR2018,14/02/2018,Industrials,Cyclical,28,UNKN,OTHER,23,251,2018,4,43.90410959,23617.324,0.086141808,0.255455085,0.778980321,0.134834239,25482.4,Small,Large Cap,early
PEP,2022-10-07,0.008536379781656691,0.03043166134700495,0.004274176651097139,0.0534272505863432,PEP2022,07/10/2022,Consumer Staples,Defensive,315,UNKN,OTHER,590,949,2022,6,9.279452055,224175.6,0.096651372,0.519563823,2.400664762,0.053738597,92187,Small,Large Cap,modern
PK,2019-09-16,0.10022933581647141,0.031738713418950376,-0.009466130548047446,-0.002506078647801101,PK2019,16/09/2019,Real Estate,Cyclical,0.488,HACK,HACK,68,469,2019,2,27.39178082,6240.81909,0.027103632,0.047105911,0.635929803,0.03064659,11290,Small,Large Cap,early
PLUG,2023-12-15,0.07764209495915929,-0.00654829889975669,-0.06919748704583414,-0.10081855912814917,PLUG2023,15/12/2023,Industrials,Cyclical,3.868,HACK,HACK,277,8323,2023,6,49.20273973,2903.39144,-0.279197665,-0.472316757,0.334302351,0.027542365,4902.74,Large,Small Cap,recent
PSA,2013-09-25,0.0529896265045756,-0.01163718419185595,0.0017100570881678485,-0.005753310943261438,PSA2013,25/09/2013,Real Estate,Cyclical,5.2,DISC,DISC,21,745,2013,4,6.049315068,27564.89472,0.106563857,0.201263475,0.160454407,0.001940916,9876.27,Small,Large Cap,early
R,2019-05-28,-0.057681301455700495,-0.08591573866156707,0.005680093008562425,-0.02938881395311555,R2019,28/05/2019,Industrials,Cyclical,39.9,HACK,HACK,68,729,2019,3,23.51780822,2867.95474,-0.001686317,-0.009857409,3.11865558,0.005083406,14475.33,Small,Small Cap,early
R,2021-06-08,-0.15364026152611282,-0.08294204816006369,-0.01525435950900228,-0.028190039869745956,R2021,08/06/2021,Industrials,Cyclical,42.8,HACK,HACK,176,3563,2021,3,28.97534247,4312.26413,0.037518352,0.185507869,2.478773357,0.016911633,13834.32,Large,Small Cap,modern
RARE,2016-04-01,0.29594230215872125,0.2198036326202646,0.02737217658679817,0.11692976540849824,RARE2016,01/04/2016,Health Care,Defensive,0.376,UNKN,OTHER,1,280,2016,6,16.44383562,2610.9044,-0.454794997,-0.518749974,0,0.298024882,540.63,Small,Small Cap,early
REGN,2010-07-26,-0.06161462754111278,-0.0030913373819410894,-0.02260809231144666,-0.04640705281240006,REGN2010,26/07/2010,Health Care,Defensive,1.395,HACK,HACK,38,9,2010,2,12.39178082,2146.9742,-0.095892171,-0.197925409,0.303193354,0.10333091,1089.43,Small,Small Cap,early
REGN,2024-05-22,0.01363701024234257,-0.004803817028533064,0.001077943344044885,-0.010539933072634278,REGN2024,22/05/2024,Health Care,Defensive,15.106,HACK,HACK,91,6367,2024,4,38.02465753,108936.92,0.116860967,0.150325684,0.100117192,0.065896174,37759.4,Large,Large Cap,recent
RHP,2016-04-01,0.008188549985764564,-0.019923821745422787,-0.006039353997722114,-0.011083877706411912,RHP2016,01/04/2016,Real Estate,Cyclical,0.807,DISC,DISC,9,2478,2016,6,40.02191781,2598.50448,0.066243708,0.433063313,4.08306046,0.024577752,2405.75,Large,Small Cap,early
RILY,2019-09-27,-0.05545260559920282,-0.09410537746758374,-0.010928793651732046,-0.04316818871161198,RILY2019,27/09/2019,Financials,Cyclical,0.982,UNKN,OTHER,137,102,2019,6,37.77260274,651.10408,0.035204803,0.226282371,2.403743138,0.044978427,2318.18,Small,Small Cap,early
RLGT,2023-08-09,-0.04138355436028605,-0.08423276819155154,-0.02931733617486447,-0.09016564948941526,RLGT2023,09/08/2023,Industrials,Cyclical,0.931,HACK,HACK,70,238,2023,4,2.293150685,341.23761,0.020703962,0.036706757,0.276912716,0.067012406,371.19,Small,Small Cap,recent
ROKU,2024-04-12,0.03203811409145946,0.11110154655940285,0.025486879271107793,0.03592805197145174,ROKU2024,12/04/2024,Communication Services,Sensitive,3.34,HACK,HACK,106,15363,2024,6,38.02465753,9039.1245,-0.030062271,-0.051905195,0.237460671,0.501921382,4303.93,Large,Large Cap,recent
ROL,2013-03-27,-0.04470316294393188,-7.51634803015112e-4,0.006344152350014406,0.0025832163533380317,ROL2013,27/03/2013,Industrials,Cyclical,10.649,DISC,DISC,15,25,2013,4,49.89041096,3569.29208,0.166838696,0.281411507,0,0.159920565,739.22,Small,Small Cap,early
RSG,2021-09-20,-0.0684764934893219,-0.01675338619070607,-0.0024131639222049386,-0.004889977635037286,RSG2021,20/09/2021,Industrials,Cyclical,35,HACK,HACK,961,6441,2021,2,23.73424658,39155.168,0.051709076,0.143714709,1.09496709,0.001162092,24955,Large,Large Cap,modern
RSG,2022-06-03,-0.041593859458689895,-0.02794011539659146,-0.010881017447381198,-0.019534510470494617,RSG2022,03/06/2022,Industrials,Cyclical,40,UNKN,OTHER,55,1,2022,6,4.64109589,42796.779,0.05120315,0.15358249,1.247305389,0.004935824,29052.9,Small,Large Cap,modern
SBH,2015-05-28,-0.019963777979941533,-0.01865623046302939,-0.015285797428690183,-0.020686110601456403,SBH2015,28/05/2015,Consumer Discretionary,Cyclical,28.33,HACK,HACK,83,3637798,2015,5,7.284931507,4854.0366,0.112248138,-0.789356694,-6.002242958,0.066864628,2094.35,Large,Small Cap,early
SITE,2020-10-30,-0.07002336075772499,0.08376601400738191,0.03485680095210837,0.03893378018370535,SITE2020,30/10/2020,Industrials,Cyclical,4.9,HACK,HACK,120,15390,2020,6,13.6109589,5511.40713,0.07153388,0.152578616,0.714465409,0.032552928,1695.7,Large,Large Cap,modern
SLAB,2016-04-04,-0.018623320514404806,-0.0030671881272136842,-0.003578185760835401,-0.01786452196954757,SLAB2016,04/04/2016,Information Technology,Sensitive,1.252,DISC,DISC,41,969,2016,2,23.54520548,1924.79955,0.056841837,0.074361697,0.087670716,0.130431005,1081.84,Small,Small Cap,early
SNA,2022-04-07,0.11199015184100354,0.05035843130024279,0.017735012540023666,0.041533790617629567,SNA2022,07/04/2022,Industrials,Cyclical,12.9,HACK,HACK,37,41052,2022,5,41.81917808,10991.23211,0.130750918,0.203445429,0.279338585,0.108593391,6972.8,Large,Large Cap,modern
SOND,2022-11-14,-0.22893043002343808,-0.17674381937263364,-0.0942709560982625,-0.020002018944887057,SOND2022,14/11/2022,Consumer Discretionary,Cyclical,1.695,HACK,HACK,177,13875,2022,2,17.6739726,404.72376,-0.105325836,8.309119166,-75.09069033,0.156724783,1573.61,Large,Small Cap,modern
SPLP,2020-06-29,-0.07395790655798151,0.0366217497238436,-0.04411415455341324,0.028267055111776684,SPLP2020,29/06/2020,Industrials,Cyclical,4.3,HACK,HACK,72,23969,2020,2,25.49863014,127.44076,0.018471789,0.135927505,4.876835746,0.034513206,3934.38,Large,Small Cap,modern
SWK,2013-04-15,-0.10372954147880836,-0.0017270735562176188,-0.01147126238208853,0.0033990494403546264,SWK2013,15/04/2013,Industrials,Cyclical,50.7,PORT,OTHER,77,7,2013,2,37.02465753,12320.15596,0.029652073,0.072111425,0.560257089,0.03000889,16535.1,Small,Large Cap,early
SYF,2018-12-03,-0.03443297681182159,-5.252361152454938e-4,-0.003822568261257979,0.038369839541928005,SYF2018,03/12/2018,Financials,Cyclical,16.5,UNKN,OTHER,340,28732,2018,2,3.663013699,18673.35882,0.026125552,0.190080392,1.634827633,0.087984119,106792,Large,Large Cap,early
T,2024-04-09,-0.027219188348706003,-0.059004144454128035,-0.007308565075306875,-0.031902220008926424,T2024,09/04/2024,Communication Services,Sensitive,140.99,DISC,DISC,14,51226382,2024,3,42.02739726,123784.1888,0.027730848,0.104894033,1.384049362,0.008353703,394795,Large,Large Cap,recent
TGT,2013-12-19,-0.0011071559506325946,-0.03529872569143935,0.001689773823809788,-0.01568699105424893,TGT2013,19/12/2013,Consumer Staples,Defensive,366,CARD,OTHER,22,40000000,2013,5,5.701369863,40222.76505,0.044239445,0.121434292,0.844187049,0.015599398,44553,Large,Large Cap,early
THG,2012-03-06,-0.0437380180804227,-0.008692497044529438,-0.0018772767627873149,-0.0089006234874014,THG2012,06/03/2012,Financials,Cyclical,5.1,PORT,OTHER,66,1,2012,3,21.00273973,1790.163,0.004145377,0.021538106,0.327271326,0.041883885,13484.9,Small,Small Cap,early
TILE,2023-08-11,0.10512985868654097,0.06151129764407647,-0.014463600035316427,-0.012883239121942483,TILE2023,11/08/2023,Industrials,Cyclical,3.619,HACK,HACK,300,14776,2023,6,16.72328767,596.81024,0.036189888,0.104513003,1.210129429,0.089828834,1230.1,Large,Small Cap,recent
TMO,2018-04-02,0.027208167358574772,8.975848481591422e-4,0.003823441452842153,0.007444901748346491,TMO2018,30/03/2018,Health Care,Defensive,70,HACK,HACK,168,2900,2018,2,26.34520548,83022.10812,0.05224783,0.106503299,0.663271225,0.037398634,56232,Large,Large Cap,early
TMUS,2021-02-09,-0.11516660775493488,-0.09499852832002827,2.123036453598915e-4,-0.012327791253918582,TMUS2021,09/02/2021,Communication Services,Sensitive,75,HACK,HACK,22,421,2021,3,11.67123288,157525.8854,0.014639601,0.043761396,1.574730109,0.032101586,206563,Small,Large Cap,modern
TNDM,2020-03-16,0.09181983622751205,-0.09604622559476526,-0.05734407890238496,0.054890513613590694,TNDM2020,16/03/2020,Health Care,Defensive,1.5,HACK,HACK,59,140838,2020,2,8.15890411,3568.0554,-0.047991737,-0.093861673,0.623302985,0.132064516,716.42,Large,Small Cap,modern
TROW,2023-06-02,-0.003798677055795101,0.025012453268953676,1.2783442227346214e-4,0.020189407478604652,TROW2023,02/06/2023,Financials,Cyclical,7.906,HACK,HACK,87,684,2023,6,18.71780822,24270.40044,0.145673844,0.188183186,0.041861737,0.174593608,12278.8,Small,Large Cap,recent
TSLA,2023-08-18,-0.16616066927811227,-0.04424933109220998,0.05597074229320232,0.049424745593018425,TSLA2023,18/08/2023,Consumer Discretionary,Cyclical,140.473,INSD,OTHER,100,75735,2023,6,37.17534247,698215.7,0.140661052,0.239438644,0.15284031,0.153801422,106618,Large,Large Cap,recent
TSN,2019-01-22,0.10188180108726724,0.046259049910755745,0.007798427438380951,0.008495375176942842,TSN2019,21/01/2019,Consumer Staples,Defensive,141,UNKN,OTHER,99,450,2019,3,23.00547945,22311.36,0.06109315,0.143587559,0.776310183,0.014623682,33097,Small,Large Cap,early
TTI,2016-02-16,-0.24684484951873267,-0.16944596016998095,0.010286180122324792,-0.01190165654914329,TTI2016,16/02/2016,Energy,Sensitive,2.4,DISC,DISC,12,10,2016,3,12.22191781,563.4265,-0.12273439,-0.691417976,3.001083405,0.022682701,1315.54,Small,Small Cap,early
TYL,2017-03-13,0.018380604479134328,0.03312589750746168,-0.003634794344436242,-7.915497312377317e-4,TYL2017,13/03/2017,Information Technology,Sensitive,4.069,DISC,DISC,10,7788,2017,2,38.81643836,5895.0616,0.103136528,0.140472833,0,0.116964605,1589.59,Large,Large Cap,early
TYL,2021-01-19,-0.0449497501908826,-0.025133898186950058,0.007031523047797781,-0.005671022244434123,TYL2021,18/01/2021,Information Technology,Sensitive,6.8,HACK,HACK,119,2301,2021,3,22.82739726,17448.1508,0.034119296,0.069473226,0.597311913,0.065333999,4732.16,Large,Large Cap,modern
UAA,2018-03-29,0.08730771241396293,0.13895982738277898,0.016707652534260112,0.09422500488149751,UAA2018,29/03/2018,Consumer Discretionary,Cyclical,15,HACK,HACK,37,150000000,2018,5,35.81369863,7325.34406,-0.010907364,-0.022957343,0.361368675,0.131307447,4245.02,Large,Large Cap,early
UBER,2023-03-31,-0.1212305382052446,-0.042275957244823636,-0.013809684936107777,-0.014355448233285339,UBER2023,31/03/2023,Industrials,Cyclical,30.4,HACK,HACK,67,72000,2023,6,49.89041096,64598.98136,0.04876095,0.167748244,1.044803983,0.120933357,38699,Large,Large Cap,recent
UCTT,2020-10-23,0.06837166886972644,-0.003011065424079134,0.004880371453282479,0.003208222235478061,UCTT2020,23/10/2020,Information Technology,Sensitive,4.996,HACK,HACK,81,5449,2020,6,10.39452055,962.626,0.070385488,0.145700338,0.585429966,0.181678005,1102.5,Large,Small Cap,modern
UMH,2018-03-15,0.20062991598509414,0.07729358906131152,0.017792321552451053,0.019106009943991413,UMH2018,15/03/2018,Real Estate,Cyclical,0.38,DISC,DISC,29,581,2018,5,13.71506849,488.9632,-0.041202021,-0.266454774,3.230462485,0.008456335,878.99,Small,Small Cap,early
UNM,2022-11-10,-0.16865090266482874,-0.17316683037880465,-0.05798168437978877,-0.06417347925703618,UNM2022,10/11/2022,Financials,Cyclical,10.937,PHYS,OTHER,101,822,2022,5,7.134246575,5007.1566,0.02139175,0.142886654,0.391062789,0.001940265,61434.9,Small,Large Cap,modern
UNM,2023-08-03,0.07012174452361411,0.026061112222666372,0.002813071947859647,-0.01329080160911161,UNM2023,03/08/2023,Financials,Cyclical,10.812,HACK,HACK,64,650521,2023,5,27.00547945,9515.83612,0.020295565,0.133016972,0.368599374,0.002308111,63255.2,Large,Large Cap,recent
UTI,2011-01-13,-0.10418562055074666,-0.028131280783386517,-0.00456885272172588,-0.019116122384069366,UTI2011,13/01/2011,Consumer Discretionary,Cyclical,2.26,PORT,OTHER,56,98,2011,5,20.6109589,491.0841,0.102557731,0.191661682,0,0.202080674,265.59,Small,Small Cap,early
VBTX,2020-12-28,0.12173805094478775,-0.02068880865035818,-0.009236379079131649,-0.006439879264959717,VBTX2020,28/12/2020,Financials,Cyclical,0.643,HACK,HACK,270,8,2020,2,16.41643836,1240.8507,0.00837593,0.061396438,0.879460784,0.005026374,8820.87,Small,Small Cap,modern
VCYT,2023-03-03,-0.02535142802799523,-0.00846628629618222,-0.03700844070959199,-0.006371706277253149,VCYT2023,03/03/2023,Health Care,Defensive,0.815,DISC,DISC,35,338,2023,6,7.876712329,1765.6865,-0.066735671,-0.071261237,0.012096519,0.194145515,1114.91,Small,Small Cap,recent
VIR,2021-05-21,0.07826958725551789,0.05102907495377098,-0.05826528856056305,-0.011334535690232206,VIR2021,21/05/2021,Health Care,Defensive,0.444,HACK,HACK,113,5,2021,6,2.989041096,5921.91915,0.270476721,0.369161832,0.096021298,0.177977125,1954.27,Small,Large Cap,modern
VOXX,2020-09-28,0.1918595209464657,-0.053888755874924574,-0.024741810928097567,-0.03318564625646071,VOXX2020,28/09/2020,Consumer Discretionary,Cyclical,0.921,HACK,HACK,116,6034,2020,2,19.76164384,181.61352,0.048594999,0.065177267,0.028934937,0.107846875,550.82,Large,Small Cap,modern
VRA,2016-10-12,-0.10463706540683507,-0.04766813129477721,-0.001884331606252643,-0.02214624670314054,VRA2016,12/10/2016,Consumer Discretionary,Cyclical,3.1,HACK,HACK,79,252,2016,4,46.88767123,526.60972,0.052898324,0.069622885,0,0.231252794,373.51,Small,Small Cap,early
VRE,2023-02-28,-0.04686175232754447,-0.03941982824611738,-0.029287841147359966,-0.026083054398956154,VRE2023,28/02/2023,Real Estate,Cyclical,0.197,HACK,HACK,473,7,2023,3,9.78630137,1516.24476,-0.034489174,-0.098270912,1.636293625,0.008641346,3241.05,Small,Small Cap,recent
VRNT,2018-05-11,0.02702767293753139,-0.016082537007189687,-0.002964133267155176,-0.0026815188218350743,VRNT2018,11/05/2018,Information Technology,Sensitive,6.1,UNKN,OTHER,287,229,2018,6,33.1260274,2786.45245,0.023017223,0.052825087,0.628540164,0.129044826,2867.03,Small,Small Cap,early
VSH,2020-06-11,-0.1597513434377471,-0.06833068121013312,0.013920992408115913,0.010831441827070333,VSH2020,11/06/2020,Information Technology,Sensitive,21.6,UNKN,OTHER,97,1096,2020,5,16.78356164,2408.5557,0.03896784,0.077986188,0.3192331,0.196506358,3154.47,Small,Small Cap,modern
VZ,2024-02-05,0.007181280242688182,-0.06108116263414844,-0.009308706317067407,-0.04460716733820673,VZ2024,05/02/2024,Communication Services,Sensitive,99.6,INSD,OTHER,137,63206,2024,2,26.31506849,177353.8605,0.045504288,0.176405978,1.696514405,0.01090169,384711,Large,Large Cap,recent
WEC,2023-08-10,-0.040221857875303205,-0.022415373843284486,0.006750985141885293,-0.017297281603630605,WEC2023,10/08/2023,Utilities,Defensive,7,HACK,HACK,73,17445,2023,5,29.1890411,27531.1668,0.030334754,0.113687928,1.60705208,9.76338e-4,43939.7,Large,Large Cap,recent
WLDN,2021-06-04,-0.04133274745906355,0.051176825950137325,-0.003079226736286239,0.0026720541132342866,WLDN2021,04/06/2021,Industrials,Cyclical,1.56,HACK,HACK,212,840,2021,6,2.224657534,484.24728,-0.021340088,-0.046964362,0.659710637,0.028449224,394.42,Small,Small Cap,modern
WMK,2022-11-25,-0.0774781341113026,-0.006427046406765063,9.046172514825873e-4,0.0021667647055580606,WMK2022,25/11/2022,Consumer Staples,Defensive,23,CARD,OTHER,116,3093,2022,6,7.4,2278.2606,0.063903223,0.096168943,0.14283772,0.080645688,1959.15,Large,Small Cap,modern
WMT,2019-10-17,-0.0443426084796183,-0.02214952893285378,-0.00454950179838535,-0.005272064537042582,WMT2019,17/10/2019,Consumer Staples,Defensive,2200,PORT,OTHER,37,4211,2019,5,38.81643836,338256.3141,0.062923106,0.199292879,0.962353855,0.040021988,236495,Large,Large Cap,early
WMT,2024-04-05,-0.02302430738952855,0.009648745470655041,-0.0020076817328083586,0.014151299134814777,WMT2024,05/04/2024,Consumer Staples,Defensive,2100,HACK,HACK,217,361,2024,6,37.55616438,477428,0.074517968,0.21355191,0.62678958,0.034506159,260823,Small,Large Cap,recent
YUM,2023-01-18,-0.06470796763590904,-0.04782720825708954,-0.016497427295434762,-0.03339981551198047,YUM2023,18/01/2023,Consumer Discretionary,Cyclical,35,HACK,HACK,5,9999,2023,4,38.81643836,36622.73,0.256299149,-0.203232375,-1.531051158,0.082169796,6231,Large,Large Cap,recent
ZEUS,2016-03-24,0.15717881353923577,0.04925510041617196,-0.01930734086872905,-7.567819119513501e-4,ZEUS2016,24/03/2016,Materials,Cyclical,1.66,UNKN,OTHER,6,1705,2016,5,26.76438356,172.99614,-0.001938612,-0.004254312,0.656789929,0.00416316,556.07,Small,Small Cap,early
ZEUS,2019-05-22,-0.1932818892310729,-0.0857439783689508,-0.033828384029980604,-0.02425177879849203,ZEUS2019,22/05/2019,Materials,Cyclical,1.86,UNKN,OTHER,28,28,2019,4,38.55616438,159.9918,0.005936372,0.012505189,0.711443415,0.008839898,649.56,Small,Small Cap,early
